profile_pic,username_digit_ratio,description_length,private,posts_count,followers_count,follows_count,fake,source_dataset,log_followers,log_follows,log_posts,followers_per_post,follows_to_followers,engagement_ratio,social_reach,has_no_posts,has_many_follows,has_many_followers,follow_activity_score
1,0.3333333333333333,0,0,0,58,826,1,instafake,4.07753744390572,6.717804695023691,0.0,58.0,14.0,0.0,0.0655367231638418,1,0,0,2
1,0.0,0,1,6,362,424,0,ifsg,5.8944028342648505,6.052089168924417,1.9459101490553132,51.714285714285715,1.1680440771349863,0.007623888182973317,0.4599745870393901,0,0,0,1
0,0.07,0,0,0,19,30,1,ifsg,2.995732273553991,3.4339872044851463,0.0,19.0,1.5,0.0,0.38,1,0,0,2
1,0.0,0,1,0,163,186,0,instafake,5.099866427824199,5.231108616854587,0.0,163.0,1.1341463414634145,0.0,0.4657142857142857,1,0,0,2
1,0.0666666666666666,92,0,9,0,1,1,instafake,0.0,0.6931471805599453,2.302585092994046,0.0,1.0,4.5,0.0,0,0,0,0
1,0.0,54,0,3,21,586,0,instafake,3.091042453358316,6.375024819828097,1.3862943611198906,5.25,26.636363636363637,0.004934210526315789,0.03453947368421053,0,0,0,1
1,0.0,37,0,26,616,564,0,instafake,6.424869023905388,6.336825731146441,3.295836866004329,22.814814814814813,0.9141004862236629,0.02201524132091448,0.5215918712955123,0,0,0,0
1,0.0,2,1,115,1817,758,0,instafake,7.505492274737424,6.63200177739563,4.7535901911063645,15.663793103448276,0.41694169416941695,0.044642857142857144,0.7053571428571429,0,0,1,0
1,0.0,44,1,43,487,788,0,instafake,6.1903154058531475,6.670766320845874,3.784189633918261,11.068181818181818,1.6147540983606556,0.03369905956112853,0.3816614420062696,0,0,0,1
0,0.1428571428571428,0,0,0,102,332,1,instafake,4.634728988229636,5.808142489980444,0.0,102.0,3.2233009708737863,0.0,0.23448275862068965,1,0,0,2
1,0.0,24,1,21,114,115,0,instafake,4.74493212836325,4.7535901911063645,3.091042453358316,5.181818181818182,1.0,0.09130434782608696,0.4956521739130435,0,0,0,0
1,0.5555555555555556,60,0,327,281,1342,0,instafake,5.641907070938114,7.202661196523238,5.793013608384144,0.8567073170731707,4.75886524822695,0.20135467980295566,0.1730295566502463,0,0,0,1
1,0.12,1,0,0,23,26,1,ifsg,3.1780538303479458,3.295836866004329,0.0,23.0,1.0833333333333333,0.0,0.46,1,0,0,2
0,0.33,0,0,0,77,747,1,ifsg,4.356708826689592,6.617402977974478,0.0,77.0,9.576923076923077,0.0,0.09333333333333334,1,0,0,2
1,0.0,0,1,24,327,524,0,instafake,5.793013608384144,6.263398262591624,3.2188758248682006,13.08,1.5975609756097562,0.028169014084507043,0.38380281690140844,0,0,0,1
1,0.33,36,0,111,807,675,0,ifsg,6.694562058521095,6.516193076042964,4.718498871295094,7.205357142857143,0.8353960396039604,0.07484828051247472,0.5441672285906946,0,0,0,0
1,0.33,0,0,8,88,76,1,ifsg,4.48863636973214,4.343805421853684,2.1972245773362196,9.777777777777779,0.8539325842696629,0.048484848484848485,0.5333333333333333,0,0,0,0
1,0.0,0,1,6,151,126,0,ifsg,5.0238805208462765,4.844187086458591,1.9459101490553132,21.571428571428573,0.8289473684210527,0.02158273381294964,0.5431654676258992,0,0,0,0
1,0.0,22,0,38,846,743,0,instafake,6.741700694652055,6.612041034833092,3.6635616461296463,21.692307692307693,0.8772136953955135,0.02389937106918239,0.5320754716981132,0,0,0,0
1,0.05,111,0,1,232,6013,1,instafake,5.4510384535657,8.701845363548474,0.6931471805599453,116.0,25.8068669527897,0.0001601024655779699,0.03714377201408902,0,1,0,2
0,0.25,0,0,0,3003,825,1,ifsg,8.007700012884026,6.716594773520978,0.0,3003.0,0.27463382157123833,0.0,0.7842778793418648,1,0,1,1
1,0.0,29,1,10,371,370,0,instafake,5.918893854273146,5.916202062607435,2.3978952727983707,33.72727272727273,0.9946236559139785,0.013477088948787063,0.5,0,0,0,0
0,0.0,0,0,11,42,26,1,ifsg,3.7612001156935624,3.295836866004329,2.4849066497880004,3.5,0.6046511627906976,0.15942028985507245,0.6086956521739131,0,0,0,0
1,0.1818181818181818,0,0,9,207,553,0,instafake,5.337538079701318,6.317164686747284,2.302585092994046,20.7,2.6586538461538463,0.011826544021024968,0.2720105124835742,0,0,0,1
1,0.0,59,1,49,1068,1925,0,ifsg,6.974478911025045,7.563200592358071,3.912023005428146,21.36,1.8007483629560337,0.016366065464261857,0.35671342685370744,0,1,1,2
1,0.1333333333333333,0,0,131,1078,179,0,instafake,6.983789965258135,5.19295685089021,4.882801922586371,8.166666666666666,0.16589434661723818,0.1041335453100159,0.8569157392686805,0,0,1,0
0,0.08,0,0,0,115,289,1,ifsg,4.7535901911063645,5.66988092298052,0.0,115.0,2.4913793103448274,0.0,0.2839506172839506,1,0,0,2
1,0.38,0,0,21,128,636,1,ifsg,4.859812404361672,6.456769655572163,3.091042453358316,5.818181818181818,4.930232558139535,0.027450980392156862,0.16732026143790849,0,0,0,1
1,0.45,0,0,2,74,270,1,ifsg,4.31748811353631,5.602118820879701,1.0986122886681098,24.666666666666668,3.6,0.005797101449275362,0.2144927536231884,0,0,0,1
1,0.27,19,0,8,126,860,1,ifsg,4.844187086458591,6.7580945044277305,2.1972245773362196,14.0,6.771653543307087,0.008105369807497468,0.1276595744680851,0,0,0,1
1,0.0,41,1,12,468,456,0,instafake,6.150602768446279,6.124683390894205,2.5649493574615367,36.0,0.9722814498933902,0.012972972972972972,0.505945945945946,0,0,0,0
1,0.0,5,1,67,460,380,0,instafake,6.133398042996649,5.942799375126701,4.219507705176107,6.764705882352941,0.824295010845987,0.07966706302021404,0.5469678953626635,0,0,0,0
0,0.0,0,0,0,69,694,1,ifsg,4.248495242049359,6.543911845564792,0.0,69.0,9.914285714285715,0.0,0.09031413612565445,1,0,0,2
1,0.0,36,0,1,34,3681,1,instafake,3.5553480614894135,8.211211361793023,0.6931471805599453,17.0,105.17142857142858,0.00026910656620021526,0.00914962325080732,0,1,0,2
1,0.0,16,0,58,2556,1074,0,ifsg,7.846589975291186,6.980075940561763,4.07753744390572,43.32203389830509,0.4200234649980446,0.015973561002478657,0.7039383090057836,0,0,1,0
1,0.0,0,0,79,150,184,0,instafake,5.017279836814924,5.220355825078324,4.382026634673881,1.875,1.218543046357616,0.23582089552238805,0.44776119402985076,0,0,0,1
1,0.0,0,1,68,319,429,0,instafake,5.768320995793772,6.063785208687608,4.23410650459726,4.6231884057971016,1.340625,0.09078771695594126,0.4259012016021362,0,0,0,1
1,0.4,0,1,0,21,76,1,ifsg,3.091042453358316,4.343805421853684,0.0,21.0,3.4545454545454546,0.0,0.21428571428571427,1,0,0,2
1,0.0,51,0,13,318,306,0,instafake,5.765191102784844,5.726847747587197,2.6390573296152584,22.714285714285715,0.9592476489028213,0.0208,0.5088,0,0,0,0
1,0.18,0,0,0,42,146,1,ifsg,3.7612001156935624,4.990432586778736,0.0,42.0,3.395348837209302,0.0,0.2222222222222222,1,0,0,2
1,0.07,0,1,0,47,98,1,ifsg,3.871201010907891,4.59511985013459,0.0,47.0,2.0416666666666665,0.0,0.3219178082191781,1,0,0,2
1,0.0,148,0,9,413,138,0,ifsg,6.025865973825314,4.9344739331306915,2.302585092994046,41.3,0.3333333333333333,0.016304347826086956,0.7481884057971014,0,0,0,0
1,0.1666666666666666,0,1,36,163,109,0,instafake,5.099866427824199,4.700480365792417,3.6109179126442243,4.405405405405405,0.6646341463414634,0.13186813186813187,0.5970695970695971,0,0,0,0
1,0.0,0,1,27,472,534,0,instafake,6.159095388491933,6.282266746896006,3.332204510175204,16.857142857142858,1.1289640591966172,0.026812313803376366,0.46871896722939427,0,0,0,1
1,0.0,44,1,56,606,722,0,instafake,6.408528791059498,6.583409222158765,4.04305126783455,10.631578947368421,1.1894563426688634,0.042136945071482315,0.45598194130925507,0,0,0,1
1,0.0,0,1,114,210,367,0,instafake,5.351858133476067,5.908082938168931,4.74493212836325,1.826086956521739,1.7393364928909953,0.1972318339100346,0.3633217993079585,0,0,0,1
1,0.0,35,0,117,592,108,0,instafake,6.385194398997726,4.6913478822291435,4.770684624465665,5.016949152542373,0.1821247892074199,0.16690442225392296,0.8445078459343794,0,0,0,0
1,0.0,16,0,69,367,1114,0,instafake,5.908082938168931,7.016609683894219,4.248495242049359,5.242857142857143,3.027173913043478,0.0465587044534413,0.247638326585695,0,0,0,1
1,0.0,35,0,67,649,630,0,instafake,6.476972362889683,6.447305862541213,4.219507705176107,9.544117647058824,0.9692307692307692,0.05234375,0.50703125,0,0,0,0
1,0.0,0,1,3,261,488,0,instafake,5.568344503761097,6.192362489474872,1.3862943611198906,65.25,1.8625954198473282,0.004,0.348,0,0,0,1
1,0.14,0,0,0,57,167,1,ifsg,4.060443010546419,5.123963979403259,0.0,57.0,2.8793103448275863,0.0,0.25333333333333335,1,0,0,2
0,0.2307692307692307,0,0,0,32,2471,1,instafake,3.4965075614664802,7.812782818577581,0.0,32.0,74.87878787878788,0.0,0.012779552715654952,1,1,0,3
1,0.0,12,0,107,365,627,0,instafake,5.902633333401366,6.4425401664681985,4.68213122712422,3.3796296296296298,1.7131147540983607,0.10775427995971802,0.3675730110775428,0,0,0,1
1,0.0,10,0,2,260,296,0,instafake,5.564520407322694,5.6937321388027,1.0986122886681098,86.66666666666667,1.1340996168582376,0.003590664272890485,0.466786355475763,0,0,0,1
1,0.0,46,1,590,175,199,0,ifsg,5.170483995038151,5.298317366548036,6.3818160174060985,0.2961082910321489,1.1306818181818181,1.5733333333333333,0.4666666666666667,0,0,0,1
0,0.07,0,1,0,0,601,1,ifsg,0.0,6.400257445308821,0.0,0.0,601.0,0.0,0.0,1,0,0,2
1,0.0,6,0,0,165,205,0,instafake,5.111987788356544,5.327876168789581,0.0,165.0,1.2349397590361446,0.0,0.444743935309973,1,0,0,2
1,0.0,27,1,28,116,138,0,ifsg,4.762173934797756,4.9344739331306915,3.367295829986474,4.0,1.1794871794871795,0.10980392156862745,0.4549019607843137,0,0,0,1
1,0.0,42,1,71,384,469,0,instafake,5.953243334287785,6.152732694704104,4.276666119016055,5.333333333333333,1.2181818181818183,0.08313817330210772,0.4496487119437939,0,0,0,1
1,0.0,0,0,142,261,102,0,instafake,5.568344503761097,4.634728988229636,4.962844630259907,1.8251748251748252,0.3893129770992366,0.3901098901098901,0.717032967032967,0,0,0,0
1,0.0,0,1,0,105,174,0,instafake,4.663439094112067,5.1647859739235145,0.0,105.0,1.6415094339622642,0.0,0.375,1,0,0,2
0,0.25,0,0,0,46,18,1,ifsg,3.8501476017100584,2.9444389791664403,0.0,46.0,0.3829787234042553,0.0,0.7076923076923077,1,0,0,1
1,0.0,7,1,80,302,307,0,instafake,5.713732805509369,5.730099782973574,4.394449154672439,3.728395061728395,1.0132013201320131,0.13114754098360656,0.49508196721311476,0,0,0,1
1,0.0,0,0,6,64,359,1,instafake,4.174387269895637,5.886104031450156,1.9459101490553132,9.142857142857142,5.523076923076923,0.014150943396226415,0.1509433962264151,0,0,0,1
1,0.0,0,0,1,149,123,0,instafake,5.0106352940962555,4.820281565605037,0.6931471805599453,74.5,0.82,0.003663003663003663,0.5457875457875457,0,0,0,0
1,0.0,21,0,8,392,379,0,instafake,5.973809611869261,5.940171252720432,2.1972245773362196,43.55555555555556,0.9643765903307888,0.010362694300518135,0.5077720207253886,0,0,0,0
1,0.0,14,0,13,228,346,0,ifsg,5.43372200355424,5.849324779946859,2.6390573296152584,16.285714285714285,1.5109170305676856,0.022608695652173914,0.39652173913043476,0,0,0,1
1,0.0,25,1,27,422,466,0,instafake,6.0473721790462776,6.1463292576688975,3.332204510175204,15.071428571428571,1.1016548463356974,0.030371203599550055,0.4746906636670416,0,0,0,1
1,0.0,14,1,103,330,272,0,instafake,5.802118375377063,5.60947179518496,4.6443908991413725,3.173076923076923,0.8217522658610272,0.17081260364842454,0.5472636815920398,0,0,0,0
1,0.0,0,1,65,604,674,0,instafake,6.405228458030842,6.51471269087253,4.189654742026425,9.151515151515152,1.1140495867768596,0.0508209538702111,0.472243940578577,0,0,0,1
1,0.0,13,0,60,535,426,0,instafake,6.284134161070802,6.056784013228625,4.110873864173311,8.770491803278688,0.7947761194029851,0.062370062370062374,0.5561330561330561,0,0,0,0
1,0.0,19,1,209,213,153,0,instafake,5.365976015021851,5.0369526024136295,5.3471075307174685,1.0142857142857142,0.7149532710280374,0.5694822888283378,0.5803814713896458,0,0,0,0
0,0.0,0,0,0,17,1,1,ifsg,2.8903717578961645,0.6931471805599453,0.0,17.0,0.05555555555555555,0.0,0.8947368421052632,1,0,0,1
1,0.0,35,1,28,473,397,0,instafake,6.161207321695077,5.986452005284438,3.367295829986474,16.310344827586206,0.8375527426160337,0.03214695752009185,0.5430539609644087,0,0,0,0
1,0.0,82,0,12,313,376,0,ifsg,5.749392985908253,5.932245187448011,2.5649493574615367,24.076923076923077,1.197452229299363,0.017391304347826087,0.45362318840579713,0,0,0,1
1,0.0,18,1,133,1008,517,0,ifsg,6.9167150203536085,6.249975242259483,4.897839799950911,7.522388059701493,0.512388503468781,0.0871559633027523,0.6605504587155964,0,0,1,0
1,0.0,16,1,314,428,413,0,instafake,6.061456918928017,6.025865973825314,5.752572638825633,1.3587301587301588,0.9627039627039627,0.37292161520190026,0.5083135391923991,0,0,0,0
1,0.2666666666666666,59,0,7,1,1,1,instafake,0.6931471805599453,0.6931471805599453,2.0794415416798357,0.125,0.5,2.3333333333333335,0.3333333333333333,0,0,0,0
1,0.0,0,1,0,66,161,1,ifsg,4.204692619390966,5.087596335232384,0.0,66.0,2.4029850746268657,0.0,0.2894736842105263,1,0,0,2
1,0.0,12,1,31,447,387,0,instafake,6.104793232414985,5.961005339623274,3.4657359027997265,13.96875,0.8638392857142857,0.037125748502994015,0.5353293413173653,0,0,0,0
1,0.0,0,1,60,414,496,0,instafake,6.028278520230698,6.208590026096629,4.110873864173311,6.786885245901639,1.1951807228915663,0.06586169045005488,0.4544456641053787,0,0,0,1
1,0.0,56,1,8,13,73,0,instafake,2.6390573296152584,4.30406509320417,2.1972245773362196,1.4444444444444444,5.214285714285714,0.09195402298850575,0.14942528735632185,0,0,0,1
1,0.0,1,1,170,456,653,0,instafake,6.124683390894205,6.483107351457199,5.14166355650266,2.6666666666666665,1.4288840262582057,0.15315315315315314,0.41081081081081083,0,0,0,1
1,0.0833333333333333,12,1,15,412,414,0,instafake,6.023447592961033,6.028278520230698,2.772588722239781,25.75,1.0024213075060533,0.018137847642079808,0.49818621523579204,0,0,0,1
1,0.0,0,1,312,752,726,0,instafake,6.6240652277998935,6.588926477533519,5.746203190540153,2.402555910543131,0.9641434262948207,0.21095334685598377,0.5084516565246788,0,0,0,0
1,0.0,96,1,17,122,143,0,ifsg,4.812184355372417,4.969813299576001,2.8903717578961645,6.777777777777778,1.1626016260162602,0.06390977443609022,0.45864661654135336,0,0,0,1
1,0.1818181818181818,51,0,2,158,303,0,instafake,5.0689042022202315,5.717027701406222,1.0986122886681098,52.666666666666664,1.9056603773584906,0.004329004329004329,0.341991341991342,0,0,0,1
1,0.0,0,1,103,265,264,0,ifsg,5.583496308781699,5.579729825986222,4.6443908991413725,2.548076923076923,0.9924812030075187,0.19433962264150945,0.5,0,0,0,0
1,0.0,33,1,38,419,411,0,instafake,6.040254711277414,6.021023349349527,3.6635616461296463,10.743589743589743,0.9785714285714285,0.0457280385078219,0.5042117930204573,0,0,0,0
1,0.1,0,0,3,401,2117,0,instafake,5.996452088619021,7.658227526161352,1.3862943611198906,100.25,5.266169154228856,0.0011909487892020642,0.1591901548233426,0,1,0,2
1,0.0,36,1,13,372,362,0,instafake,5.921578419643816,5.8944028342648505,2.6390573296152584,26.571428571428573,0.9705093833780161,0.017687074829931974,0.5061224489795918,0,0,0,0
1,0.2142857142857142,105,0,5,222,440,0,instafake,5.407171771460119,6.089044875446846,1.791759469228055,37.0,1.9730941704035874,0.007541478129713424,0.334841628959276,0,0,0,1
1,0.0,42,0,400,18842,744,0,ifsg,9.843896771122491,6.61338421837956,5.993961427306569,46.98753117206982,0.039484158573475564,0.020421708275897277,0.9619645683361413,0,0,1,0
1,0.0,0,0,57,483,1216,0,ifsg,6.182084906716632,7.104144092987527,4.060443010546419,8.327586206896552,2.512396694214876,0.033529411764705884,0.28411764705882353,0,0,0,1
1,0.0,9,1,4,191,280,0,instafake,5.2574953720277815,5.638354669333745,1.6094379124341003,38.2,1.4583333333333333,0.00847457627118644,0.4046610169491525,0,0,0,1
1,0.0,19,0,78,947,582,0,ifsg,6.854354502255021,6.368187186350492,4.3694478524670215,11.987341772151899,0.6139240506329114,0.050980392156862744,0.6189542483660131,0,0,1,0
1,0.0,72,1,54,427,548,0,instafake,6.059123195581797,6.3080984415095305,4.007333185232471,7.763636363636364,1.280373831775701,0.055327868852459015,0.4375,0,0,0,1
1,0.0,103,0,117,12033,248,0,ifsg,9.395491255780296,5.517452896464707,4.770684624465665,101.97457627118644,0.020608276549775636,0.009526135808500244,0.9797264289203713,0,0,1,0
1,0.0,0,1,49,1073,837,0,instafake,6.97914527506881,6.731018100482083,3.912023005428146,21.46,0.7793296089385475,0.02564102564102564,0.5614861329147044,0,0,1,0
1,0.0,42,0,19,226,248,0,instafake,5.424950017481403,5.517452896464707,2.995732273553991,11.3,1.092511013215859,0.04,0.47578947368421054,0,0,0,1
1,0.0,24,0,3,30,940,1,instafake,3.4339872044851463,6.846943139585379,1.3862943611198906,7.5,30.322580645161292,0.003089598352214212,0.030895983522142123,0,0,0,1
1,0.0,11,0,0,534,539,1,instafake,6.282266746896006,6.29156913955832,0.0,534.0,1.0074766355140188,0.0,0.4972067039106145,1,0,0,2
1,0.1538461538461538,50,1,0,51,3241,1,instafake,3.9512437185814275,8.08394570229562,0.0,51.0,62.32692307692308,0.0,0.01548739750986942,1,1,0,3
1,0.0,41,1,17,363,355,0,instafake,5.8971538676367405,5.87493073085203,2.8903717578961645,20.166666666666668,0.9752747252747253,0.02364394993045897,0.5048678720445062,0,0,0,0
1,0.0,3,1,79,402,524,0,instafake,5.998936561946683,6.263398262591624,4.382026634673881,5.025,1.3002481389578164,0.08522114347357065,0.4336569579288026,0,0,0,1
1,0.0,69,1,63,146,163,0,instafake,4.990432586778736,5.099866427824199,4.1588830833596715,2.28125,1.1088435374149659,0.2032258064516129,0.47096774193548385,0,0,0,1
1,0.3,0,0,0,46,92,1,ifsg,3.8501476017100584,4.532599493153256,0.0,46.0,1.9574468085106382,0.0,0.33093525179856115,1,0,0,2
0,0.31,0,0,2,12,15,1,ifsg,2.5649493574615367,2.772588722239781,1.0986122886681098,4.0,1.1538461538461537,0.07142857142857142,0.42857142857142855,0,0,0,1
1,0.0,33,1,47,312,453,0,instafake,5.746203190540153,6.118097198041348,3.871201010907891,6.5,1.4472843450479234,0.06135770234986945,0.4073107049608355,0,0,0,1
1,0.0,0,0,143,124,115,0,instafake,4.8283137373023015,4.7535901911063645,4.969813299576001,0.8611111111111112,0.92,0.5958333333333333,0.5166666666666667,0,0,0,0
1,0.0,0,1,36,230,436,0,instafake,5.442417710521793,6.07993319509559,3.6109179126442243,6.216216216216216,1.8874458874458875,0.053973013493253376,0.3448275862068966,0,0,0,1
1,0.0,0,1,7,254,345,0,ifsg,5.541263545158426,5.846438775057725,2.0794415416798357,31.75,1.3529411764705883,0.011666666666666667,0.42333333333333334,0,0,0,1
1,0.08,150,0,38,870,72,0,ifsg,6.769641976852503,4.290459441148391,3.6635616461296463,22.307692307692307,0.08266360505166476,0.04029692470837752,0.9225874867444327,0,0,0,0
1,0.0,148,0,990,18515,1000,0,ifsg,9.826390502151161,6.90875477931522,6.898714534329988,18.683148335015137,0.054007344998919855,0.0507276081164173,0.9487087517934003,0,0,1,0
1,0.0,0,1,6,647,454,0,instafake,6.473890696352274,6.12029741895095,1.9459101490553132,92.42857142857143,0.7006172839506173,0.0054446460980036296,0.5871143375680581,0,0,0,0
1,0.1333333333333333,19,0,216,514,573,0,instafake,6.244166900663736,6.352629396319567,5.37989735354046,2.3686635944700463,1.112621359223301,0.19852941176470587,0.4724264705882353,0,0,0,1
1,0.0,78,1,9,834,358,0,ifsg,6.727431724850855,5.883322388488279,2.302585092994046,83.4,0.4287425149700599,0.0075440067057837385,0.6990779547359598,0,0,0,0
0,0.67,0,0,0,2,0,1,ifsg,1.0986122886681098,0.0,0.0,2.0,0.0,0.0,0.6666666666666666,1,0,0,1
1,0.0,8,1,31,284,289,0,instafake,5.652489180268651,5.66988092298052,3.4657359027997265,8.875,1.0140350877192983,0.05400696864111498,0.49477351916376305,0,0,0,1
1,0.0,28,1,6,19,20,0,ifsg,2.995732273553991,3.044522437723423,1.9459101490553132,2.7142857142857144,1.0,0.15,0.475,0,0,0,0
1,0.0,0,0,148,15338538,61,0,ifsg,16.545879108168176,4.127134385045092,5.003946305945459,102943.20805369127,3.976910708379723e-06,9.648859739480788e-06,0.9999959579101091,0,0,1,0
1,0.3,0,0,1,160,2246,1,instafake,5.081404364984463,7.717351272185329,0.6931471805599453,80.0,13.950310559006212,0.0004154549231408392,0.06647278770253427,0,1,0,2
1,0.4,0,0,0,61,992,1,instafake,4.127134385045092,6.900730664045173,0.0,61.0,16.0,0.0,0.05787476280834915,1,0,0,2
1,0.0,34,1,99,507,582,0,instafake,6.230481447578482,6.368187186350492,4.605170185988092,5.07,1.1456692913385826,0.0908256880733945,0.4651376146788991,0,0,0,1
1,0.0,125,1,66,349,806,0,instafake,5.857933154483459,6.693323668269949,4.204692619390966,5.208955223880597,2.302857142857143,0.05709342560553633,0.30190311418685123,0,0,0,1
1,0.0,0,1,28,198,233,0,instafake,5.293304824724492,5.455321115357702,3.367295829986474,6.827586206896552,1.170854271356784,0.06481481481481481,0.4583333333333333,0,0,0,1
1,0.0,0,0,156,1038,6640,0,instafake,6.946013991099227,8.801017833540714,5.056245805348308,6.611464968152866,6.390760346487006,0.020315145201198072,0.13517385076181795,0,1,1,2
1,0.31,0,1,9,99,488,0,ifsg,4.605170185988092,6.192362489474872,2.302585092994046,9.9,4.88,0.015306122448979591,0.1683673469387755,0,0,0,1
0,0.0,0,0,0,26,1919,1,instafake,3.295836866004329,7.560080465021827,0.0,26.0,71.07407407407408,0.0,0.013360739979445015,1,1,0,3
1,0.0,0,1,93,1051,694,0,ifsg,6.9584483932976555,6.543911845564792,4.543294782270004,11.180851063829786,0.6596958174904943,0.05326460481099656,0.6019473081328751,0,0,1,0
0,0.0,0,1,1,5,243,1,instafake,1.791759469228055,5.497168225293202,0.6931471805599453,2.5,40.5,0.004016064257028112,0.020080321285140562,0,0,0,1
1,0.3076923076923077,10,0,8,287,1459,0,instafake,5.662960480135946,7.286191714702382,2.1972245773362196,31.88888888888889,5.065972222222222,0.0045792787635947334,0.16428162564396107,0,1,0,2
1,0.0,8,1,8,166,163,0,ifsg,5.117993812416755,5.099866427824199,2.1972245773362196,18.444444444444443,0.9760479041916168,0.024242424242424242,0.503030303030303,0,0,0,0
1,0.0,23,1,59,224,308,0,instafake,5.41610040220442,5.733341276897746,4.0943445622221,3.7333333333333334,1.3688888888888888,0.11069418386491557,0.4202626641651032,0,0,0,1
0,0.0,0,1,0,0,577,1,instafake,0.0,6.359573868672378,0.0,0.0,577.0,0.0,0.0,1,0,0,2
1,0.0,54,0,75,1759,643,0,ifsg,7.473069088032197,6.467698726104354,4.330733340286331,23.144736842105264,0.3653409090909091,0.031210986267166042,0.7320016645859343,0,0,1,0
1,0.0,23,1,58,609,543,0,instafake,6.413458957167357,6.298949246855942,4.07753744390572,10.322033898305085,0.8901639344262295,0.05030355594102342,0.5281873373807459,0,0,0,0
1,0.0,0,1,185,447,749,0,instafake,6.104793232414985,6.620073206530356,5.225746673713202,2.403225806451613,1.671875,0.1545530492898914,0.37343358395989973,0,0,0,1
1,0.0,44,1,12,309,364,0,ifsg,5.736572297479192,5.8998973535824915,2.5649493574615367,23.76923076923077,1.1741935483870967,0.017804154302670624,0.45845697329376855,0,0,0,1
1,0.1904761904761904,15,1,44,349,352,0,instafake,5.857933154483459,5.8664680569332965,3.8066624897703196,7.7555555555555555,1.0057142857142858,0.06267806267806268,0.49715099715099714,0,0,0,1
0,0.33,0,0,0,2997,764,1,ifsg,8.005700678662542,6.639875833826536,0.0,2997.0,0.25483655770513675,0.0,0.7966507177033493,1,0,1,1
1,0.0,0,0,1,35,2553,1,instafake,3.58351893845611,7.845416036592485,0.6931471805599453,17.5,70.91666666666667,0.0003862495171881035,0.013518733101583623,0,1,0,2
1,0.0,0,1,2,345,393,0,instafake,5.846438775057725,5.976350909297934,1.0986122886681098,115.0,1.1358381502890174,0.0027063599458728013,0.4668470906630582,0,0,0,1
1,0.0,0,1,0,1,15,0,instafake,0.6931471805599453,2.772588722239781,0.0,1.0,7.5,0.0,0.058823529411764705,1,0,0,2
1,0.0,0,1,40,222,248,0,instafake,5.407171771460119,5.517452896464707,3.713572066704308,5.414634146341464,1.1121076233183858,0.08492569002123142,0.4713375796178344,0,0,0,1
1,0.0,0,1,94,462,682,0,instafake,6.137727054086234,6.52649485957079,4.553876891600541,4.863157894736842,1.4730021598272138,0.08209606986899563,0.4034934497816594,0,0,0,1
1,0.0,0,0,1,331,333,0,ifsg,5.805134968916488,5.811140992976701,0.6931471805599453,165.5,1.0030120481927711,0.0015037593984962407,0.49774436090225566,0,0,0,1
1,0.0,48,0,222,5282,652,0,ifsg,8.572249397164315,6.481577129276431,5.407171771460119,23.68609865470852,0.123414726481166,0.037405223251895534,0.8899747262005054,0,0,1,0
1,0.0,97,0,9,250,796,0,instafake,5.5254529391317835,6.680854678790215,2.302585092994046,25.0,3.1713147410358564,0.008595988538681949,0.2387774594078319,0,0,0,1
1,0.0,26,0,559,2487,999,0,ifsg,7.81923445385907,6.907755278982137,6.327936783729195,4.441071428571429,0.4015273311897106,0.1603097218239174,0.7132205334098078,0,0,1,0
1,0.0,103,0,24,617,272,0,ifsg,6.42648845745769,5.60947179518496,3.2188758248682006,24.68,0.4401294498381877,0.02696629213483146,0.6932584269662921,0,0,0,0
1,0.0,86,1,54,259,1371,0,ifsg,5.560681631015528,7.22402480828583,4.007333185232471,4.709090909090909,5.273076923076923,0.03310852237890864,0.15879828326180256,0,0,0,1
1,0.0,14,0,71,414,440,0,instafake,6.028278520230698,6.089044875446846,4.276666119016055,5.75,1.0602409638554218,0.08304093567251462,0.4842105263157895,0,0,0,1
1,0.0,18,0,5,26,129,1,ifsg,3.295836866004329,4.867534450455582,1.791759469228055,4.333333333333333,4.777777777777778,0.03205128205128205,0.16666666666666666,0,0,0,1
1,0.0,0,0,14,143,500,1,ifsg,4.969813299576001,6.2166061010848646,2.70805020110221,9.533333333333333,3.4722222222222223,0.021739130434782608,0.2220496894409938,0,0,0,1
1,0.0,0,1,38,413,677,0,instafake,6.025865973825314,6.519147287940395,3.6635616461296463,10.58974358974359,1.6352657004830917,0.034830430797433545,0.3785517873510541,0,0,0,1
1,0.0,81,0,344,669987,150,0,ifsg,13.415015080758993,5.017279836814924,5.84354441703136,1941.9913043478261,0.0002238846068884816,0.0005133271057603061,0.9997746732762506,0,0,1,0
1,0.0,0,0,63,311,351,0,instafake,5.7430031878094825,5.863631175598097,4.1588830833596715,4.859375,1.125,0.09502262443438914,0.46907993966817496,0,0,0,1
1,0.2222222222222222,37,1,0,11,1898,1,instafake,2.4849066497880004,7.549082710812286,0.0,11.0,158.16666666666666,0.0,0.005759162303664921,1,1,0,3
1,0.0,126,0,230,2284,130,0,ifsg,7.734121303328305,4.875197323201151,5.442417710521793,9.887445887445887,0.05689277899343545,0.09523809523809523,0.9457556935817806,0,0,1,0
1,0.27,53,0,32,1000,955,0,ifsg,6.90875477931522,6.862757913051401,3.4965075614664802,30.303030303030305,0.954045954045954,0.016359918200409,0.5112474437627812,0,0,1,0
1,0.0,0,0,8,156,165,0,instafake,5.056245805348308,5.111987788356544,2.1972245773362196,17.333333333333332,1.0509554140127388,0.024844720496894408,0.484472049689441,0,0,0,1
1,0.0,22,0,5,154,147,0,instafake,5.043425116919247,4.997212273764115,1.791759469228055,25.666666666666668,0.9483870967741935,0.016556291390728478,0.5099337748344371,0,0,0,0
0,0.44,0,0,0,13,7,1,ifsg,2.6390573296152584,2.0794415416798357,0.0,13.0,0.5,0.0,0.6190476190476191,1,0,0,1
1,0.0,0,1,26,468,504,0,instafake,6.150602768446279,6.22455842927536,3.295836866004329,17.333333333333332,1.0746268656716418,0.02672147995889003,0.48098663926002055,0,0,0,1
1,0.0,14,1,38,352,333,0,instafake,5.8664680569332965,5.811140992976701,3.6635616461296463,9.025641025641026,0.943342776203966,0.05539358600583091,0.5131195335276968,0,0,0,0
1,0.0,28,0,1,78,783,0,instafake,4.3694478524670215,6.664409020350408,0.6931471805599453,39.0,9.91139240506329,0.001160092807424594,0.09048723897911833,0,0,0,1
1,0.0,18,0,59,855,151,0,ifsg,6.752270376141742,5.0238805208462765,4.0943445622221,14.25,0.1764018691588785,0.05858987090367428,0.8490566037735849,0,0,0,0
1,0.1818181818181818,1,1,414,894,874,0,instafake,6.796823718274855,6.774223886357614,6.028278520230698,2.1542168674698794,0.976536312849162,0.23403052572074617,0.5053702656868287,0,0,0,0
1,0.0,148,1,146,269,127,0,instafake,5.598421958998375,4.852030263919617,4.990432586778736,1.8299319727891157,0.4703703703703704,0.3677581863979849,0.6775818639798489,0,0,0,0
1,0.0,51,1,136,651,722,0,instafake,6.480044561926653,6.583409222158765,4.919980925828125,4.751824817518248,1.107361963190184,0.09898107714701601,0.4737991266375546,0,0,0,1
1,0.0,0,0,0,209,240,0,instafake,5.3471075307174685,5.484796933490655,0.0,209.0,1.1428571428571428,0.0,0.46444444444444444,1,0,0,2
1,0.0,0,0,1,14,3086,1,instafake,2.70805020110221,8.034955024502159,0.6931471805599453,7.0,205.73333333333332,0.0003224766204450177,0.004514672686230248,0,1,0,2
1,0.0,58,0,4,1742,6172,1,ifsg,7.463363045520021,8.727940222393896,1.6094379124341003,348.4,3.5410212277682156,0.0005053695514845231,0.2200884396715098,0,1,1,2
1,0.0,0,0,396,442,6662,1,instafake,6.093569770045136,8.804325112562537,5.983936280687191,1.1133501259445844,15.038374717832957,0.05573539760731879,0.062209711470795216,0,1,0,2
1,0.0,0,0,108,494,545,0,ifsg,6.20455776256869,6.302618975744905,4.6913478822291435,4.532110091743119,1.101010101010101,0.10384615384615385,0.475,0,0,0,1
1,0.0,0,1,137,916,1142,0,ifsg,6.821107472256465,7.04141166379481,4.927253685157205,6.63768115942029,1.2453653217011995,0.06653715395823215,0.4448761534725595,0,0,0,1
1,0.0,0,1,1,174,172,0,instafake,5.1647859739235145,5.153291594497779,0.6931471805599453,87.0,0.9828571428571429,0.002881844380403458,0.5014409221902018,0,0,0,0
1,0.0,0,1,12,199,228,0,instafake,5.298317366548036,5.43372200355424,2.5649493574615367,15.307692307692308,1.14,0.028037383177570093,0.4649532710280374,0,0,0,1
1,0.0,6,1,25,417,375,0,instafake,6.035481432524756,5.929589143389895,3.258096538021482,16.03846153846154,0.8971291866028708,0.031525851197982346,0.5258511979823455,0,0,0,0
1,0.5,33,0,12,77,108,1,ifsg,4.356708826689592,4.6913478822291435,2.5649493574615367,5.923076923076923,1.3846153846153846,0.06451612903225806,0.41397849462365593,0,0,0,1
0,0.0,0,1,0,51,126,1,ifsg,3.9512437185814275,4.844187086458591,0.0,51.0,2.423076923076923,0.0,0.28651685393258425,1,0,0,2
1,0.38,0,1,3,184,170,1,ifsg,5.220355825078324,5.14166355650266,1.3862943611198906,46.0,0.918918918918919,0.008450704225352112,0.5183098591549296,0,0,0,0
1,0.1,0,1,13,159,98,0,ifsg,5.075173815233827,4.59511985013459,2.6390573296152584,11.357142857142858,0.6125,0.050387596899224806,0.6162790697674418,0,0,0,0
1,0.1111111111111111,0,0,6,70,808,0,instafake,4.2626798770413155,6.695798917058491,1.9459101490553132,10.0,11.380281690140846,0.006825938566552901,0.07963594994311718,0,0,0,1
1,0.0,0,1,36,237,249,0,instafake,5.472270673671475,5.521460917862246,3.6109179126442243,6.405405405405405,1.046218487394958,0.07392197125256673,0.486652977412731,0,0,0,1
1,0.14,0,1,7,99,132,0,ifsg,4.605170185988092,4.890349128221754,2.0794415416798357,12.375,1.32,0.03017241379310345,0.4267241379310345,0,0,0,1
1,0.0,20,1,3,200,257,0,instafake,5.303304908059076,5.552959584921617,1.3862943611198906,50.0,1.2786069651741294,0.006550218340611353,0.4366812227074236,0,0,0,1
1,0.3,26,1,241,1456,1200,0,ifsg,7.284134806195205,7.0909098220799835,5.488937726156687,6.016528925619835,0.8236101578586136,0.09070380127963869,0.5479864508844562,0,0,1,0
1,0.15,73,0,330,1572,3504,0,ifsg,7.360739903058278,8.16194579946869,5.802118375377063,4.7492447129909365,2.2275905912269547,0.06499901516643687,0.3096316722473902,0,1,1,2
0,0.0,0,1,0,94,123,0,instafake,4.553876891600541,4.820281565605037,0.0,94.0,1.2947368421052632,0.0,0.43119266055045874,1,0,0,2
1,0.0,0,1,16,540,604,0,instafake,6.293419278846481,6.405228458030842,2.833213344056216,31.764705882352942,1.1164510166358594,0.013973799126637555,0.47161572052401746,0,0,0,1
0,0.57,0,0,2,34,112,1,ifsg,3.5553480614894135,4.727387818712341,1.0986122886681098,11.333333333333334,3.2,0.013605442176870748,0.23129251700680273,0,0,0,1
1,0.0,134,0,84,541,516,0,instafake,6.295266001439646,6.248042874508429,4.442651256490317,6.364705882352941,0.9520295202952029,0.07939508506616257,0.5113421550094518,0,0,0,0
1,0.0,0,1,99,842,797,0,instafake,6.736966958001855,6.682108597449809,4.605170185988092,8.42,0.9454329774614472,0.060365853658536583,0.5134146341463415,0,0,0,0
1,0.0,148,0,63,272,295,1,ifsg,5.60947179518496,5.69035945432406,4.1588830833596715,4.25,1.0805860805860805,0.11091549295774648,0.4788732394366197,0,0,0,1
1,0.0,27,1,44,575,537,0,instafake,6.3561076606958915,6.2878585601617845,3.8066624897703196,12.777777777777779,0.9322916666666666,0.039532794249775384,0.5166217430368374,0,0,0,0
1,0.3076923076923077,0,1,2,33,1470,1,instafake,3.5263605246161616,7.293697720601438,1.0986122886681098,11.0,43.23529411764706,0.0013297872340425532,0.021941489361702128,0,1,0,2
1,0.0,71,1,27,248,197,0,instafake,5.517452896464707,5.288267030694535,3.332204510175204,8.857142857142858,0.7911646586345381,0.06053811659192825,0.5560538116591929,0,0,0,0
1,0.0,4,1,0,173,195,0,instafake,5.159055299214529,5.278114659230517,0.0,173.0,1.1206896551724137,0.0,0.46883468834688347,1,0,0,2
1,0.0,1,1,149,467,681,0,instafake,6.148468295917647,6.525029657843462,5.0106352940962555,3.1133333333333333,1.455128205128205,0.12967798085291557,0.40644038294168844,0,0,0,1
1,0.0,54,0,77,565,469,0,ifsg,6.338594078203183,6.152732694704104,4.356708826689592,7.243589743589744,0.8286219081272085,0.07439613526570048,0.5458937198067633,0,0,0,0
1,0.1666666666666666,131,1,75,207,201,0,instafake,5.337538079701318,5.308267697401205,4.330733340286331,2.723684210526316,0.9663461538461539,0.18337408312958436,0.5061124694376528,0,0,0,0
1,0.2857142857142857,0,0,1,21,63,0,instafake,3.091042453358316,4.1588830833596715,0.6931471805599453,10.5,2.8636363636363638,0.011764705882352941,0.24705882352941178,0,0,0,1
1,0.0,6,1,88,352,575,0,instafake,5.8664680569332965,6.3561076606958915,4.48863636973214,3.955056179775281,1.6288951841359773,0.09482758620689655,0.3793103448275862,0,0,0,1
1,0.0,0,1,1020,464,1039,0,ifsg,6.142037405587356,6.946975992135418,6.928537818164665,0.4544564152791381,2.2344086021505376,0.6781914893617021,0.30851063829787234,0,0,0,1
1,0.0,61,1,217,1152,292,0,ifsg,7.050122520269059,5.680172609017068,5.384495062789089,5.284403669724771,0.2532523850823938,0.15017301038062283,0.7972318339100346,0,0,1,0
1,0.0,0,1,23,269,268,0,instafake,5.598421958998375,5.594711379601839,3.1780538303479458,11.208333333333334,0.9925925925925926,0.04275092936802974,0.5,0,0,0,0
1,0.29,15,0,43,505,503,0,ifsg,6.226536669287466,6.222576268071369,3.784189633918261,11.477272727272727,0.9940711462450593,0.04261645193260654,0.5004955401387512,0,0,0,0
1,0.0,13,1,7,224,234,0,instafake,5.41610040220442,5.459585514144159,2.0794415416798357,28.0,1.04,0.015250544662309368,0.4880174291938998,0,0,0,1
1,0.0,25,1,30,441,368,0,instafake,6.091309882077698,5.910796644040527,3.4339872044851463,14.225806451612904,0.832579185520362,0.037037037037037035,0.5444444444444444,0,0,0,0
1,0.0,0,1,0,16,486,1,instafake,2.833213344056216,6.18826412308259,0.0,16.0,28.58823529411765,0.0,0.03180914512922465,1,0,0,2
1,0.0526315789473684,90,0,9,1,0,1,instafake,0.6931471805599453,0.0,2.302585092994046,0.1,0.0,4.5,0.5,0,0,0,0
1,0.0,18,0,78,687,539,0,instafake,6.5337888379333435,6.29156913955832,4.3694478524670215,8.69620253164557,0.7834302325581395,0.06356968215158924,0.5599022004889975,0,0,0,0
1,0.0,17,1,125,639,677,0,instafake,6.461468176353717,6.519147287940395,4.836281906951478,5.071428571428571,1.0578125,0.09491268033409264,0.48519362186788156,0,0,0,1
1,0.0,6,1,36,283,442,0,instafake,5.648974238161206,6.093569770045136,3.6109179126442243,7.648648648648648,1.556338028169014,0.049586776859504134,0.38980716253443526,0,0,0,1
1,0.12,12,0,26,64,261,0,ifsg,4.174387269895637,5.568344503761097,3.295836866004329,2.3703703703703702,4.015384615384615,0.07975460122699386,0.19631901840490798,0,0,0,1
1,0.0,40,0,21,334,411,0,instafake,5.814130531825066,6.021023349349527,3.091042453358316,15.181818181818182,1.226865671641791,0.028150134048257374,0.4477211796246649,0,0,0,1
1,0.0,32,1,23,304,321,0,instafake,5.720311776607412,5.7745515455444085,3.1780538303479458,12.666666666666666,1.0524590163934426,0.036741214057507986,0.48562300319488816,0,0,0,1
1,0.0,0,1,33,377,387,0,instafake,5.934894195619588,5.961005339623274,3.5263605246161616,11.088235294117647,1.0238095238095237,0.043137254901960784,0.4928104575163399,0,0,0,1
1,0.0,24,1,38,619,750,0,instafake,6.429719478039138,6.621405651764134,3.6635616461296463,15.871794871794872,1.2096774193548387,0.027737226277372264,0.45182481751824816,0,0,0,1
0,0.4,0,0,0,25,28,1,ifsg,3.258096538021482,3.367295829986474,0.0,25.0,1.0769230769230769,0.0,0.46296296296296297,1,0,0,2
0,0.0,0,0,0,21,31,1,ifsg,3.091042453358316,3.4657359027997265,0.0,21.0,1.4090909090909092,0.0,0.39622641509433965,1,0,0,2
1,0.0,0,0,15,772,3239,1,ifsg,6.650279048587422,8.083328608786376,2.772588722239781,48.25,4.190168175937904,0.0037387836490528413,0.19242273180458624,0,1,0,2
1,0.0,21,0,127,420,457,0,instafake,6.042632833682381,6.126869184114185,4.852030263919617,3.28125,1.0855106888361046,0.14464692482915717,0.4783599088838269,0,0,0,1
1,0.0,6,1,66,347,381,0,instafake,5.8522024797744745,5.945420608606575,4.204692619390966,5.17910447761194,1.0948275862068966,0.09053497942386832,0.47599451303155005,0,0,0,1
1,0.1666666666666666,0,1,0,83,2012,1,instafake,4.430816798843313,7.607381425639791,0.0,83.0,23.952380952380953,0.0,0.03959923664122137,1,1,0,3
1,0.0,2,0,7389,890969,11,0,ifsg,13.700066035852428,2.4849066497880004,8.907883013942248,120.56414073071718,1.2346094705770116e-05,0.008293106138065795,0.9999865316993292,0,0,1,0
0,0.38,0,0,0,47,9,1,ifsg,3.871201010907891,2.302585092994046,0.0,47.0,0.1875,0.0,0.8245614035087719,1,0,0,1
0,0.5,0,0,0,21,1,1,ifsg,3.091042453358316,0.6931471805599453,0.0,21.0,0.045454545454545456,0.0,0.9130434782608695,1,0,0,1
0,0.2,0,1,0,11,157,1,ifsg,2.4849066497880004,5.062595033026967,0.0,11.0,13.083333333333334,0.0,0.0650887573964497,1,0,0,2
1,0.4444444444444444,0,0,0,63,2318,1,instafake,4.1588830833596715,7.7488913372555315,0.0,63.0,36.21875,0.0,0.02644836272040302,1,1,0,3
0,0.0,14,1,131,533,1060,0,ifsg,6.280395838960195,6.966967138613983,4.882801922586371,4.037878787878788,1.9850187265917603,0.0821831869510665,0.3343789209535759,0,0,0,1
1,0.0,45,1,124,427,407,0,instafake,6.059123195581797,6.0112671744041615,4.8283137373023015,3.416,0.9509345794392523,0.14850299401197606,0.511377245508982,0,0,0,0
1,0.0,8,1,6,256,308,0,instafake,5.54907608489522,5.733341276897746,1.9459101490553132,36.57142857142857,1.198443579766537,0.010619469026548672,0.45309734513274336,0,0,0,1
1,0.0,49,0,5,37,413,0,instafake,3.6375861597263857,6.025865973825314,1.791759469228055,6.166666666666667,10.868421052631579,0.011086474501108648,0.082039911308204,0,0,0,1
1,0.0,140,0,775,19512,591,0,ifsg,9.878836189094999,6.3835066348840055,6.654152520183219,25.144329896907216,0.030287500640598576,0.03854954237962595,0.9705531237564664,0,0,1,0
1,0.0,0,0,416,1113,1854,0,ifsg,7.01571242048723,7.5256399750415355,6.0330862217988015,2.6690647482014387,1.6642728904847397,0.14016172506738545,0.375,0,1,1,2
0,0.62,0,1,0,58,347,1,ifsg,4.07753744390572,5.8522024797744745,0.0,58.0,5.88135593220339,0.0,0.14285714285714285,1,0,0,2
1,0.0,15,0,3,1173,1431,0,instafake,7.068172000388042,7.266827347520591,1.3862943611198906,293.25,1.2189097103918227,0.0011516314779270633,0.45028790786948175,0,1,1,2
1,0.0,38,1,78,390,520,0,instafake,5.968707559985366,6.255750041753367,4.3694478524670215,4.936708860759493,1.329923273657289,0.08562019758507135,0.4281009879253567,0,0,0,1
1,0.0,82,0,679,414,651,0,ifsg,6.028278520230698,6.480044561926653,6.522092798170152,0.6088235294117647,1.5686746987951807,0.6369606003752345,0.3883677298311445,0,0,0,1
1,0.0,0,0,26,230,358,0,instafake,5.442417710521793,5.883322388488279,3.295836866004329,8.518518518518519,1.5497835497835497,0.044142614601018676,0.3904923599320883,0,0,0,1
1,0.0,0,0,14,264,151,0,ifsg,5.579729825986222,5.0238805208462765,2.70805020110221,17.6,0.569811320754717,0.03365384615384615,0.6346153846153846,0,0,0,0
1,0.0,78,0,30,247,963,0,instafake,5.5134287461649825,6.871091294610546,3.4339872044851463,7.967741935483871,3.8830645161290325,0.02477291494632535,0.20396366639141206,0,0,0,1
1,0.125,0,1,60,200,204,0,instafake,5.303304908059076,5.3230099791384085,4.110873864173311,3.278688524590164,1.0149253731343284,0.14814814814814814,0.49382716049382713,0,0,0,1
1,0.0,30,0,8,420,4883,1,instafake,6.042632833682381,8.493719835230594,2.1972245773362196,46.666666666666664,11.598574821852731,0.0015082956259426848,0.07918552036199095,0,1,0,2
1,0.0,23,1,39,679,764,0,instafake,6.522092798170152,6.639875833826536,3.6888794541139363,16.975,1.1235294117647059,0.027008310249307478,0.47022160664819945,0,0,0,1
0,0.31,0,0,0,26,27,1,ifsg,3.295836866004329,3.332204510175204,0.0,26.0,1.0,0.0,0.48148148148148145,1,0,0,1
1,0.0,25,0,21,695,635,0,instafake,6.54534966033442,6.455198563340122,3.091042453358316,31.59090909090909,0.9123563218390804,0.015777610818933134,0.5221637866265966,0,0,0,0
1,0.0,0,1,100,549,545,0,instafake,6.309918278226516,6.302618975744905,4.61512051684126,5.435643564356436,0.990909090909091,0.091324200913242,0.5013698630136987,0,0,0,0
1,0.0,35,0,192,984,76,0,ifsg,6.892641641172089,4.343805421853684,5.262690188904886,5.098445595854923,0.07715736040609138,0.18096135721017909,0.9274269557021678,0,0,1,0
1,0.0,0,0,17,726,582,0,instafake,6.588926477533519,6.368187186350492,2.8903717578961645,40.333333333333336,0.8005502063273727,0.012987012987012988,0.5546218487394958,0,0,0,0
0,0.0,53,0,0,104,1423,1,instafake,4.653960350157523,7.261225091971921,0.0,104.0,13.552380952380952,0.0,0.06806282722513089,1,1,0,3
1,0.27,0,1,1,51,59,1,ifsg,3.9512437185814275,4.0943445622221,0.6931471805599453,25.5,1.1346153846153846,0.009009009009009009,0.4594594594594595,0,0,0,1
1,0.24,0,1,4,18,106,1,ifsg,2.9444389791664403,4.672828834461906,1.6094379124341003,3.6,5.578947368421052,0.032,0.144,0,0,0,1
1,0.0,129,0,661,51145,528,0,ifsg,10.842439566953361,6.270988431858299,6.495265555937008,77.25830815709969,0.010323387948226645,0.012791732786314201,0.9897627433525564,0,0,1,0
1,0.0,0,0,62,172,141,0,instafake,5.153291594497779,4.955827057601261,4.143134726391533,2.7301587301587302,0.815028901734104,0.19745222929936307,0.5477707006369427,0,0,0,0
1,0.0,0,0,0,49,235,1,ifsg,3.912023005428146,5.4638318050256105,0.0,49.0,4.7,0.0,0.17192982456140352,1,0,0,2
1,0.0,9,1,61,378,578,0,instafake,5.937536205082426,6.361302477572996,4.127134385045092,6.096774193548387,1.525065963060686,0.06374085684430512,0.3949843260188088,0,0,0,1
1,0.0,122,0,205,2756,638,0,ifsg,7.921898411023797,6.459904454377535,5.327876168789581,13.37864077669903,0.23141095393543706,0.060382916053019146,0.8117820324005891,0,0,1,0
1,0.0,8,1,2,230,230,0,instafake,5.442417710521793,5.442417710521793,1.0986122886681098,76.66666666666667,0.9956709956709957,0.004338394793926247,0.49891540130151846,0,0,0,0
1,0.2,34,1,45,449,481,0,instafake,6.1092475827643655,6.1779441140506,3.828641396489095,9.76086956521739,1.068888888888889,0.04833512352309345,0.4822771213748657,0,0,0,1
1,0.0,20,1,38,486,479,0,instafake,6.18826412308259,6.173786103901937,3.6635616461296463,12.461538461538462,0.9835728952772074,0.039337474120082816,0.5031055900621118,0,0,0,0
1,0.0,21,1,36,647,542,0,instafake,6.473890696352274,6.297109319933935,3.6109179126442243,17.486486486486488,0.8364197530864198,0.030252100840336135,0.5436974789915966,0,0,0,0
0,0.25,0,1,0,0,11,1,ifsg,0.0,2.4849066497880004,0.0,0.0,11.0,0.0,0.0,1,0,0,2
1,0.0,21,1,42,431,463,0,instafake,6.068425588244111,6.139884552226255,3.7612001156935624,10.023255813953488,1.0717592592592593,0.04692737430167598,0.48156424581005586,0,0,0,1
0,0.5,0,0,3,43,123,1,ifsg,3.784189633918261,4.820281565605037,1.3862943611198906,10.75,2.7954545454545454,0.017964071856287425,0.25748502994011974,0,0,0,1
1,0.0,20,0,15,760,577,0,instafake,6.634633357861686,6.359573868672378,2.772588722239781,47.5,0.7582128777923784,0.011210762331838564,0.5680119581464873,0,0,0,0
1,0.0,17,0,63,416,292,0,ifsg,6.0330862217988015,5.680172609017068,4.1588830833596715,6.5,0.7002398081534772,0.08885754583921016,0.5867418899858956,0,0,0,0
1,0.0,43,1,1,265,371,0,ifsg,5.583496308781699,5.918893854273146,0.6931471805599453,132.5,1.394736842105263,0.0015698587127158557,0.41601255886970173,0,0,0,1
1,0.0,108,0,713,812,432,0,ifsg,6.70073110954781,6.07073772800249,6.570882962339584,1.1372549019607843,0.5313653136531366,0.5726907630522088,0.6522088353413654,0,0,0,0
1,0.1818181818181818,0,1,74,504,465,0,instafake,6.22455842927536,6.144185634125646,4.31748811353631,6.72,0.9207920792079208,0.07628865979381444,0.5195876288659794,0,0,0,0
1,0.0,46,1,83,255,535,0,ifsg,5.545177444479562,6.284134161070802,4.430816798843313,3.0357142857142856,2.08984375,0.10493046776232617,0.3223767383059418,0,0,0,1
1,0.0,48,1,8,359,586,0,instafake,5.886104031450156,6.375024819828097,2.1972245773362196,39.888888888888886,1.6277777777777778,0.008456659619450317,0.379492600422833,0,0,0,1
1,0.0,24,1,166,305,386,0,instafake,5.723585101952381,5.958424693029782,5.117993812416755,1.8263473053892216,1.261437908496732,0.2398843930635838,0.4407514450867052,0,0,0,1
0,0.47,0,0,0,24,22,1,ifsg,3.2188758248682006,3.1354942159291497,0.0,24.0,0.88,0.0,0.5106382978723404,1,0,0,1
1,0.0,35,0,77,417,362,0,ifsg,6.035481432524756,5.8944028342648505,4.356708826689592,5.346153846153846,0.8660287081339713,0.09871794871794871,0.5346153846153846,0,0,0,0
0,0.42,0,0,0,16,2,1,ifsg,2.833213344056216,1.0986122886681098,0.0,16.0,0.11764705882352941,0.0,0.8421052631578947,1,0,0,1
1,0.0769230769230769,0,1,0,323,505,0,instafake,5.780743515792329,6.226536669287466,0.0,323.0,1.558641975308642,0.0,0.3896260554885404,1,0,0,2
1,0.0,98,1,28,150,256,0,instafake,5.017279836814924,5.54907608489522,3.367295829986474,5.172413793103448,1.695364238410596,0.0687960687960688,0.36855036855036855,0,0,0,1
0,0.5,0,0,0,10,2,1,ifsg,2.3978952727983707,1.0986122886681098,0.0,10.0,0.18181818181818182,0.0,0.7692307692307693,1,0,0,1
1,0.0,0,0,389,4347,748,0,ifsg,8.3774712482411,6.618738983517219,5.966146739123692,11.146153846153846,0.17203311867525298,0.07633437990580848,0.853021978021978,0,0,1,0
1,0.0,34,0,2,81,268,0,ifsg,4.406719247264253,5.594711379601839,1.0986122886681098,27.0,3.268292682926829,0.005714285714285714,0.23142857142857143,0,0,0,1
1,0.0,35,1,35,1809,416,0,ifsg,7.501082124259871,6.0330862217988015,3.58351893845611,50.25,0.22983425414364642,0.015723270440251572,0.8126684636118598,0,0,1,0
0,0.54,0,0,5,136,1029,1,ifsg,4.919980925828125,6.937314081223682,1.791759469228055,22.666666666666668,7.510948905109489,0.004288164665523156,0.11663807890222985,0,0,0,1
1,0.0,0,1,24,97,156,0,instafake,4.584967478670572,5.056245805348308,3.2188758248682006,3.88,1.5918367346938775,0.09448818897637795,0.38188976377952755,0,0,0,1
1,0.0,0,0,34,82,74,1,ifsg,4.418840607796598,4.31748811353631,3.5553480614894135,2.342857142857143,0.891566265060241,0.21656050955414013,0.5222929936305732,0,0,0,0
1,0.0,0,1,26,374,449,0,instafake,5.926926025970411,6.1092475827643655,3.295836866004329,13.851851851851851,1.1973333333333334,0.03155339805825243,0.4538834951456311,0,0,0,1
1,0.19,0,1,2,2,55,1,ifsg,1.0986122886681098,4.02535169073515,1.0986122886681098,0.6666666666666666,18.333333333333332,0.034482758620689655,0.034482758620689655,0,0,0,1
1,0.13,0,1,8,40,66,1,ifsg,3.713572066704308,4.204692619390966,2.1972245773362196,4.444444444444445,1.6097560975609757,0.07476635514018691,0.37383177570093457,0,0,0,1
1,0.0,57,1,100,603,496,0,instafake,6.403574197934815,6.208590026096629,4.61512051684126,5.97029702970297,0.8211920529801324,0.09090909090909091,0.5481818181818182,0,0,0,0
1,0.0,19,1,917,1158,3932,0,ifsg,7.055312843339752,8.27715777243181,6.822197390620491,1.261437908496732,3.3925798101811906,0.18012178353957964,0.22746022392457277,0,1,1,2
1,0.43,0,1,7,161,333,1,ifsg,5.087596335232384,5.811140992976701,2.0794415416798357,20.125,2.0555555555555554,0.014141414141414142,0.32525252525252524,0,0,0,1
0,0.0,0,1,1,96,174,0,instafake,4.574710978503383,5.1647859739235145,0.6931471805599453,48.0,1.7938144329896908,0.0036900369003690036,0.35424354243542433,0,0,0,1
1,0.0,26,1,0,114,446,0,ifsg,4.74493212836325,6.102558594613569,0.0,114.0,3.878260869565217,0.0,0.20320855614973263,1,0,0,2
1,0.0,6,1,3,342,465,0,instafake,5.8377304471659395,6.144185634125646,1.3862943611198906,85.5,1.3556851311953353,0.0037128712871287127,0.42326732673267325,0,0,0,1
1,0.0,13,1,16,467,519,0,instafake,6.148468295917647,6.253828811575473,2.833213344056216,27.470588235294116,1.108974358974359,0.016210739614994935,0.47315096251266464,0,0,0,1
1,0.0,18,1,65,1746,1631,0,ifsg,7.465655310134056,7.397561535524052,4.189654742026425,26.454545454545453,0.9336004579278764,0.019242155121373596,0.5168738898756661,0,1,1,1
1,0.0,3,0,3,307,4887,1,instafake,5.730099782973574,8.494538500851432,1.3862943611198906,76.75,15.866883116883116,0.0005774783445620789,0.059095283926852746,0,1,0,2
1,0.0,0,1,0,105,167,0,instafake,4.663439094112067,5.123963979403259,0.0,105.0,1.5754716981132075,0.0,0.38461538461538464,1,0,0,2
1,0.57,0,1,7,9,82,1,ifsg,2.302585092994046,4.418840607796598,2.0794415416798357,1.125,8.2,0.07608695652173914,0.09782608695652174,0,0,0,1
1,0.0,150,1,615,1121,1118,0,instafake,7.022868086082641,7.020190708311925,6.423246963533519,1.8198051948051948,0.9964349376114082,0.27455357142857145,0.5004464285714286,0,0,1,0
1,0.0,39,1,23,242,299,0,instafake,5.493061443340548,5.703782474656201,3.1780538303479458,10.083333333333334,1.2304526748971194,0.042435424354243544,0.44649446494464945,0,0,0,1
1,0.38,0,1,92,19,31,1,ifsg,2.995732273553991,3.4657359027997265,4.532599493153256,0.20430107526881722,1.55,1.803921568627451,0.37254901960784315,0,0,0,1
0,0.33,0,0,0,10,18,1,ifsg,2.3978952727983707,2.9444389791664403,0.0,10.0,1.6363636363636365,0.0,0.3448275862068966,1,0,0,2
1,0.0,0,1,38,413,677,0,instafake,6.025865973825314,6.519147287940395,3.6635616461296463,10.58974358974359,1.6352657004830917,0.034830430797433545,0.3785517873510541,0,0,0,1
1,0.0,139,0,36,1504,52,0,ifsg,7.316548177182976,3.970291913552122,3.6109179126442243,40.648648648648646,0.0345514950166113,0.023121387283236993,0.9659601798330122,0,0,1,0
1,0.0,0,1,5,160,304,0,instafake,5.081404364984463,5.720311776607412,1.791759469228055,26.666666666666668,1.8881987577639752,0.010752688172043012,0.34408602150537637,0,0,0,1
1,0.0,36,0,221,579,413,0,instafake,6.363028103540465,6.025865973825314,5.402677381872279,2.608108108108108,0.7120689655172414,0.22255790533736153,0.5830815709969789,0,0,0,0
1,0.0,0,0,98,4328,418,0,ifsg,8.37309184744198,6.037870919922137,4.59511985013459,43.717171717171716,0.09655809655809656,0.020644617653254687,0.9117337265641458,0,0,1,0
0,0.0,3,0,1,197,131,0,instafake,5.288267030694535,4.882801922586371,0.6931471805599453,98.5,0.6616161616161617,0.00303951367781155,0.5987841945288754,0,0,0,0
1,0.0,0,1,298,397,371,0,instafake,5.986452005284438,5.918893854273146,5.700443573390687,1.3277591973244147,0.9321608040201005,0.38751625487646296,0.5162548764629389,0,0,0,0
1,0.0,2,1,16,290,517,0,instafake,5.673323267171493,6.249975242259483,2.833213344056216,17.058823529411764,1.7766323024054982,0.019801980198019802,0.3589108910891089,0,0,0,1
1,0.5555555555555556,0,0,1,288,4276,1,instafake,5.666426688112432,8.361007108226909,0.6931471805599453,144.0,14.795847750865052,0.0002190580503833516,0.06308871851040526,0,1,0,2
1,0.0,146,0,145,573,474,0,ifsg,6.352629396319567,6.163314804034641,4.983606621708336,3.9246575342465753,0.8257839721254355,0.1383587786259542,0.5467557251908397,0,0,0,0
1,0.0,32,1,8,321,330,0,instafake,5.7745515455444085,5.802118375377063,2.1972245773362196,35.666666666666664,1.0248447204968945,0.012269938650306749,0.49233128834355827,0,0,0,1
1,0.0,0,0,3,93,139,0,instafake,4.543294782270004,4.941642422609304,1.3862943611198906,23.25,1.4787234042553192,0.012875536480686695,0.39914163090128757,0,0,0,1
1,0.0,0,1,37,167,294,0,instafake,5.123963979403259,5.68697535633982,3.6375861597263857,4.394736842105263,1.75,0.08008658008658008,0.36147186147186144,0,0,0,1
1,0.0,58,1,58,589,601,0,instafake,6.380122536899765,6.400257445308821,4.07753744390572,9.983050847457626,1.0186440677966102,0.04869857262804366,0.4945424013434089,0,0,0,1
1,0.0,0,1,1,93,51,0,instafake,4.543294782270004,3.9512437185814275,0.6931471805599453,46.5,0.5425531914893617,0.006896551724137931,0.6413793103448275,0,0,0,0
0,0.0,0,1,1,38,158,0,instafake,3.6635616461296463,5.0689042022202315,0.6931471805599453,19.0,4.051282051282051,0.005076142131979695,0.19289340101522842,0,0,0,1
1,0.0,5,1,113,972,732,0,instafake,6.880384082186005,6.597145701886651,4.736198448394496,8.526315789473685,0.7523124357656732,0.06627565982404691,0.5700879765395894,0,0,1,0
1,0.0,0,1,119,393,502,0,ifsg,5.976350909297934,6.220590170099739,4.787491742782046,3.275,1.2741116751269035,0.1328125,0.43861607142857145,0,0,0,1
1,0.0,0,1,5,69,100,0,instafake,4.248495242049359,4.61512051684126,1.791759469228055,11.5,1.4285714285714286,0.029411764705882353,0.40588235294117647,0,0,0,1
1,0.0,0,1,84,325,523,0,instafake,5.786897381366708,6.261491684321042,4.442651256490317,3.823529411764706,1.6042944785276074,0.0989399293286219,0.3828032979976443,0,0,0,1
1,0.0,12,0,20,58,170,0,instafake,4.07753744390572,5.14166355650266,3.044522437723423,2.761904761904762,2.8813559322033897,0.08733624454148471,0.25327510917030566,0,0,0,1
1,0.0,0,0,114,490,1093,0,ifsg,6.19644412779452,6.9975959829819265,4.74493212836325,4.260869565217392,2.2260692464358454,0.07196969696969698,0.30934343434343436,0,0,0,1
1,0.0,0,0,1,39,324,1,ifsg,3.6888794541139363,5.783825182329737,0.6931471805599453,19.5,8.1,0.0027472527472527475,0.10714285714285714,0,0,0,1
1,0.0,8,1,85,668,605,0,ifsg,6.505784060128229,6.406879986069314,4.454347296253507,7.767441860465116,0.9043348281016442,0.06671899529042387,0.5243328100470958,0,0,0,0
1,0.0,53,0,0,87,851,1,instafake,4.477336814478207,6.747586526829315,0.0,87.0,9.670454545454545,0.0,0.0926517571884984,1,0,0,2
0,0.88,0,0,1,34,36,1,ifsg,3.5553480614894135,3.6109179126442243,0.6931471805599453,17.0,1.0285714285714285,0.014084507042253521,0.4788732394366197,0,0,0,1
1,0.0,0,1,30,1221,999,0,instafake,7.108244139731541,6.907755278982137,3.4339872044851463,39.38709677419355,0.8175122749590835,0.0135074290859973,0.5497523638000901,0,0,1,0
0,0.31,0,0,0,6,15,1,ifsg,1.9459101490553132,2.772588722239781,0.0,6.0,2.142857142857143,0.0,0.2727272727272727,1,0,0,2
1,0.0,27,1,37,302,306,0,instafake,5.713732805509369,5.726847747587197,3.6375861597263857,7.947368421052632,1.00990099009901,0.060755336617405585,0.49589490968801314,0,0,0,1
1,0.58,0,0,21,356,2176,1,ifsg,5.877735781779639,7.685703061234547,3.091042453358316,16.181818181818183,6.095238095238095,0.008290564547966837,0.1405448085274378,0,1,0,2
1,0.0,85,1,0,124,1411,1,instafake,4.8283137373023015,7.252762418053187,0.0,124.0,11.288,0.0,0.08072916666666667,1,1,0,3
0,0.9090909090909092,0,0,0,228,1779,1,instafake,5.43372200355424,7.484368643286131,0.0,228.0,7.7685589519650655,0.0,0.11354581673306773,1,1,0,3
1,0.0,35,1,91,725,733,0,instafake,6.587550014824796,6.598509028614515,4.5217885770490405,7.880434782608695,1.0096418732782368,0.06237148732008225,0.49691569568197397,0,0,0,1
1,0.0,0,0,3,833,3572,1,ifsg,6.726233402358747,8.181160858023409,1.3862943611198906,208.25,4.2829736211031175,0.0006808896958692692,0.1890603722197004,0,1,0,2
1,0.16,146,1,0,1,13,1,ifsg,0.6931471805599453,2.6390573296152584,0.0,1.0,6.5,0.0,0.06666666666666667,1,0,0,2
1,0.0,15,1,124,421,424,0,instafake,6.045005314036012,6.052089168924417,4.8283137373023015,3.368,1.004739336492891,0.14657210401891252,0.49763593380614657,0,0,0,1
1,0.0,26,0,0,315,363,0,instafake,5.755742213586912,5.8971538676367405,0.0,315.0,1.1487341772151898,0.0,0.4639175257731959,1,0,0,2
0,0.0,0,0,0,15,4,1,ifsg,2.772588722239781,1.6094379124341003,0.0,15.0,0.25,0.0,0.75,1,0,0,1
1,0.0,0,1,25,377,508,0,instafake,5.934894195619588,6.2324480165505225,3.258096538021482,14.5,1.343915343915344,0.028216704288939052,0.4255079006772009,0,0,0,1
1,0.0,0,0,33,1078,76,0,ifsg,6.983789965258135,4.343805421853684,3.5263605246161616,31.705882352941178,0.07043558850787766,0.02857142857142857,0.9333333333333333,0,0,1,0
1,0.0,0,1,125,630,755,0,instafake,6.447305862541213,6.628041376179533,4.836281906951478,5.0,1.196513470681458,0.09018759018759019,0.45454545454545453,0,0,0,1
1,0.0,42,1,85,278,458,0,instafake,5.631211781821365,6.129050210060545,4.454347296253507,3.2325581395348837,1.6415770609318996,0.11533242876526459,0.37720488466757124,0,0,0,1
1,0.12,0,0,2,102,109,1,ifsg,4.634728988229636,4.700480365792417,1.0986122886681098,34.0,1.058252427184466,0.009433962264150943,0.4811320754716981,0,0,0,1
1,0.0,0,1,582,1002,1089,0,instafake,6.910750787961936,6.993932975223189,6.368187186350492,1.718696397941681,1.0857427716849453,0.27820267686424477,0.4789674952198853,0,0,1,1
1,0.0,100,0,132,1011,262,0,instafake,6.919683849847411,5.572154032177765,4.890349128221754,7.601503759398496,0.25889328063241107,0.10361067503924647,0.793563579277865,0,0,1,0
0,0.33,2,1,3,21,733,1,ifsg,3.091042453358316,6.598509028614515,1.3862943611198906,5.25,33.31818181818182,0.003973509933774834,0.02781456953642384,0,0,0,1
1,0.0,71,0,149,10240,1255,0,ifsg,9.234154550075438,7.135687347028144,5.0106352940962555,68.26666666666667,0.12254662630602481,0.012961029923451635,0.8907446068197634,0,0,1,0
1,0.1875,30,0,11,696,769,0,instafake,6.546785410760524,6.646390514847729,2.4849066497880004,58.0,1.103299856527977,0.007503410641200546,0.4747612551159618,0,0,0,1
1,0.15,0,0,204,139,61,0,ifsg,4.941642422609304,4.127134385045092,5.3230099791384085,0.6780487804878049,0.4357142857142857,1.0149253731343284,0.6915422885572139,0,0,0,0
1,0.0,131,0,2,45834,280,0,ifsg,10.732803270395875,5.638354669333745,1.0986122886681098,15278.0,0.006108868768408422,4.3369836278868045e-05,0.993906538002819,0,0,1,0
1,0.0,59,0,301,1057,524,0,ifsg,6.964135612418245,6.263398262591624,5.71042701737487,3.5,0.4952741020793951,0.1902654867256637,0.668141592920354,0,0,1,0
1,0.0,19,1,3,274,267,0,instafake,5.616771097666572,5.5909869805108565,1.3862943611198906,68.5,0.9709090909090909,0.005535055350553505,0.5055350553505535,0,0,0,0
1,0.0,73,0,1,199,61,0,instafake,5.298317366548036,4.127134385045092,0.6931471805599453,99.5,0.305,0.0038314176245210726,0.7624521072796935,0,0,0,0
0,0.45,0,0,0,33,4,1,ifsg,3.5263605246161616,1.6094379124341003,0.0,33.0,0.11764705882352941,0.0,0.868421052631579,1,0,0,1
1,0.0,0,1,23,374,311,0,instafake,5.926926025970411,5.7430031878094825,3.1780538303479458,15.583333333333334,0.8293333333333334,0.033527696793002916,0.5451895043731778,0,0,0,0
1,0.0,97,1,188,202,605,0,ifsg,5.313205979041787,6.406879986069314,5.241747015059643,1.0687830687830688,2.980295566502463,0.23267326732673269,0.25,0,0,0,1
0,0.0,20,1,0,607,7455,1,instafake,6.410174881966167,8.916774356365426,0.0,607.0,12.261513157894736,0.0,0.07528215304477241,1,1,0,3
1,0.0,26,1,340,545,995,0,instafake,6.302618975744905,6.903747257584598,5.831882477283517,1.598240469208211,1.8223443223443223,0.22063595068137573,0.3536664503569111,0,0,0,1
1,0.1666666666666666,67,1,12,512,365,0,instafake,6.240275845170769,5.902633333401366,2.5649493574615367,39.38461538461539,0.7115009746588694,0.01366742596810934,0.5831435079726651,0,0,0,0
1,0.0,0,1,114,423,523,0,instafake,6.049733455231958,6.261491684321042,4.74493212836325,3.6782608695652175,1.2334905660377358,0.12038014783526928,0.44667370644139387,0,0,0,1
1,0.0,0,1,169,213,406,0,instafake,5.365976015021851,6.008813185442595,5.135798437050262,1.2529411764705882,1.897196261682243,0.2725806451612903,0.3435483870967742,0,0,0,1
1,0.0,0,1,10,167,387,0,ifsg,5.123963979403259,5.961005339623274,2.3978952727983707,15.181818181818182,2.3035714285714284,0.018018018018018018,0.3009009009009009,0,0,0,1
0,0.0,0,1,0,0,0,1,ifsg,0.0,0.0,0.0,0.0,0.0,0.0,0.0,1,0,0,1
1,0.0,1,1,984,615,1187,0,instafake,6.423246963533519,7.080026499922591,6.892641641172089,0.6243654822335025,1.926948051948052,0.5457570715474209,0.3410981697171381,0,0,0,1
1,0.0,9,1,8,160,169,0,instafake,5.081404364984463,5.135798437050262,2.1972245773362196,17.77777777777778,1.049689440993789,0.024242424242424242,0.48484848484848486,0,0,0,1
1,0.0,39,1,5,83,119,0,instafake,4.430816798843313,4.787491742782046,1.791759469228055,13.833333333333334,1.4166666666666667,0.024630541871921183,0.4088669950738916,0,0,0,1
1,0.0,0,1,3,1,80,1,ifsg,0.6931471805599453,4.394449154672439,1.3862943611198906,0.25,40.0,0.036585365853658534,0.012195121951219513,0,0,0,1
1,0.0,71,0,4,203,823,0,instafake,5.318119993844216,6.714170529909472,1.6094379124341003,40.6,4.034313725490196,0.0038948393378773127,0.1976630963972736,0,0,0,1
1,0.43,5,0,6,66,161,1,ifsg,4.204692619390966,5.087596335232384,1.9459101490553132,9.428571428571429,2.4029850746268657,0.02631578947368421,0.2894736842105263,0,0,0,1
1,0.0,79,0,116,65,67,0,instafake,4.189654742026425,4.219507705176107,4.762173934797756,0.5555555555555556,1.0151515151515151,0.8721804511278195,0.48872180451127817,0,0,0,1
1,0.0,0,1,8,340,343,0,instafake,5.831882477283517,5.840641657373398,2.1972245773362196,37.77777777777778,1.0058651026392962,0.011695906432748537,0.49707602339181284,0,0,0,1
1,0.0,0,0,0,168,10,0,instafake,5.1298987149230735,2.3978952727983707,0.0,168.0,0.05917159763313609,0.0,0.9385474860335196,1,0,0,1
1,0.0,1,1,93,630,641,0,instafake,6.447305862541213,6.464588303689961,4.543294782270004,6.702127659574468,1.0158478605388273,0.07311320754716981,0.49528301886792453,0,0,0,1
1,0.0,23,0,433,3678,1359,0,ifsg,8.210396255104774,7.215239978730097,6.073044534100405,8.474654377880185,0.36939385702636585,0.08594680428741563,0.7300516077808654,0,0,1,0
1,0.0,53,1,71,530,597,0,instafake,6.274762021241939,6.393590753950631,4.276666119016055,7.361111111111111,1.1242937853107344,0.06294326241134751,0.4698581560283688,0,0,0,1
0,0.4444444444444444,0,1,0,0,848,1,instafake,0.0,6.744059186311348,0.0,0.0,848.0,0.0,0.0,1,0,0,2
1,0.0,57,1,313,1532,1431,0,instafake,7.334981878871814,7.266827347520591,5.749392985908253,4.8789808917197455,0.9334637964774951,0.10560053981106612,0.5168690958164642,0,1,1,1
1,0.0,32,1,48,386,482,0,instafake,5.958424693029782,6.180016653652572,3.8918202981106265,7.877551020408164,1.2454780361757105,0.05523590333716916,0.4441887226697353,0,0,0,1
1,0.91,0,0,0,75,26,1,ifsg,4.330733340286331,3.295836866004329,0.0,75.0,0.34210526315789475,0.0,0.7352941176470589,1,0,0,1
1,0.0,0,1,1,106,147,0,instafake,4.672828834461906,4.997212273764115,0.6931471805599453,53.0,1.3738317757009346,0.003937007874015748,0.41732283464566927,0,0,0,1
1,0.0,45,0,114,561,508,0,instafake,6.331501849893691,6.2324480165505225,4.74493212836325,4.878260869565217,0.9039145907473309,0.10654205607476636,0.5242990654205607,0,0,0,0
1,0.0,66,1,11,347,407,0,instafake,5.8522024797744745,6.0112671744041615,2.4849066497880004,28.916666666666668,1.1695402298850575,0.01456953642384106,0.4596026490066225,0,0,0,1
1,0.0,26,1,19,350,393,0,instafake,5.860786223465865,5.976350909297934,2.995732273553991,17.5,1.1196581196581197,0.025537634408602152,0.47043010752688175,0,0,0,1
1,0.0,24,1,6,207,225,0,instafake,5.337538079701318,5.420534999272286,1.9459101490553132,29.571428571428573,1.0817307692307692,0.013856812933025405,0.4780600461893764,0,0,0,1
1,0.1,0,1,5,6,24,1,ifsg,1.9459101490553132,3.2188758248682006,1.791759469228055,1.0,3.4285714285714284,0.16129032258064516,0.1935483870967742,0,0,0,1
1,0.0,0,1,8,189,272,0,instafake,5.247024072160486,5.60947179518496,2.1972245773362196,21.0,1.431578947368421,0.017316017316017316,0.4090909090909091,0,0,0,1
1,0.0,47,1,9,399,364,0,instafake,5.991464547107982,5.8998973535824915,2.302585092994046,39.9,0.91,0.011780104712041885,0.5222513089005235,0,0,0,0
1,0.0,0,1,25,510,594,0,instafake,6.236369590203704,6.38856140554563,3.258096538021482,19.615384615384617,1.162426614481409,0.02262443438914027,0.46153846153846156,0,0,0,1
1,0.33,0,0,0,43,221,1,ifsg,3.784189633918261,5.402677381872279,0.0,43.0,5.0227272727272725,0.0,0.16226415094339622,1,0,0,2
1,0.0,0,0,0,52,4614,1,instafake,3.970291913552122,8.437067146936952,0.0,52.0,87.05660377358491,0.0,0.011142061281337047,1,1,0,3
1,0.0,39,1,251,223,694,0,ifsg,5.4116460518550396,6.543911845564792,5.529429087511423,0.8849206349206349,3.0982142857142856,0.27342047930283225,0.2429193899782135,0,0,0,1
1,0.0,82,1,48,456,545,0,instafake,6.124683390894205,6.302618975744905,3.8918202981106265,9.306122448979592,1.1925601750547046,0.04790419161676647,0.4550898203592814,0,0,0,1
1,0.0,21,1,23,236,338,0,instafake,5.4680601411351315,5.82600010738045,3.1780538303479458,9.833333333333334,1.4261603375527425,0.04,0.41043478260869565,0,0,0,1
1,0.0,28,1,8,323,326,0,instafake,5.780743515792329,5.7899601708972535,2.1972245773362196,35.888888888888886,1.0061728395061729,0.012307692307692308,0.4969230769230769,0,0,0,1
1,0.0,24,0,20,699,599,0,ifsg,6.551080335043404,6.396929655216146,3.044522437723423,33.285714285714285,0.8557142857142858,0.015396458814472672,0.5381062355658198,0,0,0,0
1,0.0,0,1,698,1926,1410,0,ifsg,7.563719668414366,7.252053951852814,6.54965074223381,2.755364806866953,0.7317073170731707,0.20916991309559485,0.5771651183697932,0,1,1,1
1,0.0,11,1,44,748,996,0,instafake,6.618738983517219,6.904750769961838,3.8066624897703196,16.622222222222224,1.32977303070761,0.02521489971346705,0.42865329512893985,0,0,0,1
1,0.4444444444444444,8,0,86,489,473,0,instafake,6.194405391104672,6.161207321695077,4.465908118654584,5.620689655172414,0.9653061224489796,0.0893042575285566,0.5077881619937694,0,0,0,0
1,0.31,0,1,0,25,86,1,ifsg,3.258096538021482,4.465908118654584,0.0,25.0,3.3076923076923075,0.0,0.22321428571428573,1,0,0,2
0,0.2352941176470588,0,0,0,35,4621,1,instafake,3.58351893845611,8.438582790834326,0.0,35.0,128.36111111111111,0.0,0.00751556796220743,1,1,0,3
1,0.0,47,0,6,60,58,0,instafake,4.110873864173311,4.07753744390572,1.9459101490553132,8.571428571428571,0.9508196721311475,0.05042016806722689,0.5042016806722689,0,0,0,0
1,0.0,31,0,3,433,409,0,instafake,6.073044534100405,6.016157159698354,1.3862943611198906,108.25,0.9423963133640553,0.0035587188612099642,0.5136417556346382,0,0,0,0
1,0.33,45,1,8,130,622,0,ifsg,4.875197323201151,6.434546518787453,2.1972245773362196,14.444444444444445,4.748091603053435,0.010624169986719787,0.17264276228419656,0,0,0,1
0,0.5,0,1,0,6,37,1,ifsg,1.9459101490553132,3.6375861597263857,0.0,6.0,5.285714285714286,0.0,0.13636363636363635,1,0,0,2
1,0.0,0,1,51,224,287,0,instafake,5.41610040220442,5.662960480135946,3.9512437185814275,4.3076923076923075,1.2755555555555556,0.099609375,0.4375,0,0,0,1
1,0.0,0,0,0,258,238,0,instafake,5.556828061699537,5.476463551931511,0.0,258.0,0.918918918918919,0.0,0.5191146881287726,1,0,0,1
0,0.0,0,0,0,48,6,1,ifsg,3.8918202981106265,1.9459101490553132,0.0,48.0,0.12244897959183673,0.0,0.8727272727272727,1,0,0,1
1,0.0,0,0,18,340,806,0,instafake,5.831882477283517,6.693323668269949,2.9444389791664403,17.894736842105264,2.3636363636363638,0.015693112467306015,0.29642545771578027,0,0,0,1
1,0.4545454545454545,0,1,8,109,1722,1,instafake,4.700480365792417,7.45182223652793,2.1972245773362196,12.11111111111111,15.654545454545454,0.004366812227074236,0.05949781659388646,0,1,0,2
0,0.0,0,0,0,351,2663,1,ifsg,5.863631175598097,7.88758403166028,0.0,351.0,7.565340909090909,0.0,0.11641791044776119,1,1,0,3
1,0.0,4,0,42,717,223,0,ifsg,6.576469569048224,5.4116460518550396,3.7612001156935624,16.674418604651162,0.31058495821727017,0.044633368756641874,0.7619553666312433,0,0,0,0
1,0.1428571428571428,0,1,1,235,7202,1,instafake,5.4638318050256105,8.882252884889363,0.6931471805599453,117.5,30.516949152542374,0.00013444474321054048,0.03159451465447701,0,1,0,2
1,0.0,11,1,2,295,302,0,instafake,5.69035945432406,5.713732805509369,1.0986122886681098,98.33333333333333,1.0202702702702702,0.0033444816053511705,0.49331103678929766,0,0,0,1
1,0.0,63,1,29,661,628,0,instafake,6.495265555937008,6.444131256700441,3.4011973816621555,22.033333333333335,0.9486404833836858,0.02248062015503876,0.5124031007751938,0,0,0,0
0,0.0,0,1,4,14,1229,1,instafake,2.70805020110221,7.114769448366463,1.6094379124341003,2.8,81.93333333333334,0.003215434083601286,0.011254019292604502,0,0,0,1
1,0.0,0,1,388,730,413,0,ifsg,6.594413459749778,6.025865973825314,5.963579343618446,1.8766066838046271,0.5649794801641587,0.33916083916083917,0.6381118881118881,0,0,0,0
1,0.0,14,1,33,194,219,0,instafake,5.272999558563747,5.393627546352362,3.5263605246161616,5.705882352941177,1.123076923076923,0.07971014492753623,0.46859903381642515,0,0,0,1
0,0.4,0,1,53,322,1496,0,instafake,5.777652323222656,7.311218384419629,3.9889840465642745,5.962962962962963,4.631578947368421,0.029136888400219902,0.17702034084661902,0,1,0,2
1,0.0,62,0,403,8711,345,0,ifsg,9.072456664612796,5.846438775057725,6.0014148779611505,21.56188118811881,0.039600550964187325,0.04449596996798057,0.961797504692503,0,0,1,0
1,0.4444444444444444,0,0,1,429,449,0,instafake,6.063785208687608,6.1092475827643655,0.6931471805599453,214.5,1.044186046511628,0.0011376564277588168,0.4880546075085324,0,0,0,1
1,0.0,5,0,99,473,614,0,instafake,6.161207321695077,6.421622267806518,4.605170185988092,4.73,1.2953586497890295,0.09099264705882353,0.43474264705882354,0,0,0,1
1,0.0,0,0,5,137,1096,0,instafake,4.927253685157205,7.00033446027523,1.791759469228055,22.833333333333332,7.942028985507246,0.004051863857374392,0.11102106969205834,0,0,0,1
1,0.0,5,1,60,2598,802,0,ifsg,7.8628820346414905,6.688354713946762,4.110873864173311,42.59016393442623,0.3085802231627549,0.017641870038224053,0.7638929726551015,0,0,1,0
1,0.0,77,0,22,150,149,0,instafake,5.017279836814924,5.0106352940962555,3.1354942159291497,6.521739130434782,0.9867549668874173,0.07333333333333333,0.5,0,0,0,0
1,0.0,22,1,25,298,298,0,instafake,5.700443573390687,5.700443573390687,3.258096538021482,11.461538461538462,0.9966555183946488,0.04187604690117253,0.4991624790619765,0,0,0,0
1,0.0,25,1,164,409,407,0,instafake,6.016157159698354,6.0112671744041615,5.10594547390058,2.478787878787879,0.9926829268292683,0.200734394124847,0.5006119951040392,0,0,0,0
1,0.1818181818181818,0,0,5,282,2517,1,instafake,5.645446897643238,7.831220214604293,1.791759469228055,47.0,8.89399293286219,0.0017857142857142857,0.10071428571428571,0,1,0,2
1,0.0,18,1,36,199,272,0,instafake,5.298317366548036,5.60947179518496,3.6109179126442243,5.378378378378378,1.36,0.07627118644067797,0.4216101694915254,0,0,0,1
1,0.0,14,0,16,346,303,0,instafake,5.849324779946859,5.717027701406222,2.833213344056216,20.352941176470587,0.8731988472622478,0.024615384615384615,0.5323076923076923,0,0,0,0
0,0.0,0,0,0,26,142,1,instafake,3.295836866004329,4.962844630259907,0.0,26.0,5.2592592592592595,0.0,0.15384615384615385,1,0,0,2
1,0.0,0,1,3,47,124,0,instafake,3.871201010907891,4.8283137373023015,1.3862943611198906,11.75,2.5833333333333335,0.01744186046511628,0.27325581395348836,0,0,0,1
1,0.0,0,0,3,163,6747,1,instafake,5.099866427824199,8.817001443665859,1.3862943611198906,40.75,41.140243902439025,0.0004340905802344089,0.023585588192736217,0,1,0,2
0,0.25,0,0,0,20,7,1,ifsg,3.044522437723423,2.0794415416798357,0.0,20.0,0.3333333333333333,0.0,0.7142857142857143,1,0,0,1
1,0.0,38,0,289,1209,1093,0,instafake,7.098375638590786,6.9975959829819265,5.66988092298052,4.1689655172413795,0.903305785123967,0.12548849326964828,0.5249674337820235,0,0,1,0
1,0.1333333333333333,84,0,8,694,3255,0,instafake,6.543911845564792,8.08825472712243,2.1972245773362196,77.11111111111111,4.683453237410072,0.0020253164556962027,0.17569620253164556,0,1,0,2
1,0.0,0,0,174,872,772,0,instafake,6.771935555839602,6.650279048587422,5.1647859739235145,4.982857142857143,0.8843069873997709,0.10577507598784194,0.5300911854103344,0,0,0,0
1,0.0,0,1,1,0,2513,1,instafake,0.0,7.829630389150193,0.6931471805599453,0.0,2513.0,0.0003977724741447892,0.0,0,1,0,2
1,0.0,0,1,4,81,52,0,instafake,4.406719247264253,3.970291913552122,1.6094379124341003,16.2,0.6341463414634146,0.029850746268656716,0.6044776119402985,0,0,0,0
0,0.375,0,0,0,11,4677,1,instafake,2.4849066497880004,8.450625947144124,0.0,11.0,389.75,0.0,0.002345915973555129,1,1,0,3
1,0.44,30,1,33,205,164,0,ifsg,5.327876168789581,5.10594547390058,3.5263605246161616,6.029411764705882,0.7961165048543689,0.0891891891891892,0.5540540540540541,0,0,0,0
1,0.38,10,0,8,791,456,0,ifsg,6.674561391814426,6.124683390894205,2.1972245773362196,87.88888888888889,0.5757575757575758,0.00641025641025641,0.6338141025641025,0,0,0,0
0,0.24,0,0,0,55,46,1,ifsg,4.02535169073515,3.8501476017100584,0.0,55.0,0.8214285714285714,0.0,0.5392156862745098,1,0,0,1
1,0.0,9,1,0,51,78,0,instafake,3.9512437185814275,4.3694478524670215,0.0,51.0,1.5,0.0,0.3923076923076923,1,0,0,2
1,0.0,0,1,59,161,168,0,instafake,5.087596335232384,5.1298987149230735,4.0943445622221,2.683333333333333,1.037037037037037,0.1787878787878788,0.48787878787878786,0,0,0,1
1,0.0,14,0,1,320,457,0,instafake,5.771441123130016,6.126869184114185,0.6931471805599453,160.0,1.4236760124610592,0.0012853470437017994,0.41131105398457585,0,0,0,1
1,0.0,0,0,53,225,446,0,instafake,5.420534999272286,6.102558594613569,3.9889840465642745,4.166666666666667,1.9734513274336283,0.07886904761904762,0.33482142857142855,0,0,0,1
1,0.0,88,0,171,522,641,0,instafake,6.259581464064923,6.464588303689961,5.147494476813453,3.0348837209302326,1.225621414913958,0.14690721649484537,0.4484536082474227,0,0,0,1
1,0.3333333333333333,0,0,1,407,3792,1,instafake,6.0112671744041615,8.2409125416889,0.6931471805599453,203.5,9.294117647058824,0.0002380952380952381,0.09690476190476191,0,1,0,2
1,0.0,0,1,3,33,37,0,ifsg,3.5263605246161616,3.6375861597263857,1.3862943611198906,8.25,1.088235294117647,0.04225352112676056,0.4647887323943662,0,0,0,1
0,0.0,0,1,0,59,6603,1,instafake,4.0943445622221,8.795430805040018,0.0,59.0,110.05,0.0,0.008854870178598229,1,1,0,3
1,0.0,0,1,12,255,246,0,instafake,5.545177444479562,5.5093883366279774,2.5649493574615367,19.615384615384617,0.9609375,0.02390438247011952,0.5079681274900398,0,0,0,0
1,0.0,128,1,11,306,329,0,instafake,5.726847747587197,5.799092654460526,2.4849066497880004,25.5,1.0716612377850163,0.01729559748427673,0.4811320754716981,0,0,0,1
1,0.0,105,1,276,594,863,0,instafake,6.38856140554563,6.761572768804055,5.6240175061873385,2.1444043321299637,1.4504201680672268,0.18930041152263374,0.4074074074074074,0,0,0,1
1,0.4,0,1,0,27,354,1,instafake,3.332204510175204,5.872117789475416,0.0,27.0,12.642857142857142,0.0,0.07068062827225131,1,0,0,2
1,0.0,12,0,1,11,1008,1,instafake,2.4849066497880004,6.9167150203536085,0.6931471805599453,5.5,84.0,0.000980392156862745,0.010784313725490196,0,0,0,1
1,0.0,29,1,9,964,861,0,instafake,6.872128101338986,6.759255270663693,2.302585092994046,96.4,0.8922279792746114,0.004928806133625411,0.5279299014238773,0,0,1,0
1,0.2222222222222222,0,0,6,223,1735,1,instafake,5.4116460518550396,7.459338895220296,1.9459101490553132,31.857142857142858,7.745535714285714,0.0030627871362940277,0.1138335885655947,0,1,0,2
1,0.0,22,1,29,420,1097,0,instafake,6.042632833682381,7.001245622069476,3.4011973816621555,14.0,2.6057007125890737,0.019104084321475624,0.2766798418972332,0,0,0,1
1,0.1176470588235294,118,0,9,521,2397,0,instafake,6.257667587882639,7.7823903355874595,2.302585092994046,52.1,4.591954022988506,0.003083247687564234,0.17848578280232957,0,1,0,2
1,0.56,20,0,34,309,250,1,ifsg,5.736572297479192,5.5254529391317835,3.5553480614894135,8.82857142857143,0.8064516129032258,0.060714285714285714,0.5517857142857143,0,0,0,0
1,0.0,0,0,17,547,790,0,instafake,6.306275286948016,6.673297967767654,2.8903717578961645,30.38888888888889,1.4416058394160585,0.012705530642750373,0.40881913303437967,0,0,0,1
1,0.0,132,1,9,213,254,0,ifsg,5.365976015021851,5.541263545158426,2.302585092994046,21.3,1.1869158878504673,0.019230769230769232,0.4551282051282051,0,0,0,1
0,0.1666666666666666,0,1,0,1,1807,1,instafake,0.6931471805599453,7.4999765409521215,0.0,1.0,903.5,0.0,0.000552791597567717,1,1,0,3
1,0.0,124,0,118,969,944,0,instafake,6.877296071497429,6.851184927493743,4.77912349311153,8.142857142857142,0.9731958762886598,0.06165099268547544,0.5062695924764891,0,0,1,0
1,0.0,1,1,12,70,67,0,ifsg,4.2626798770413155,4.219507705176107,2.5649493574615367,5.384615384615385,0.9436619718309859,0.08695652173913043,0.5072463768115942,0,0,0,0
1,0.0,46,0,254,50374,900,0,ifsg,10.827250299248984,6.803505257608338,5.541263545158426,197.54509803921567,0.017866004962779156,0.004953681131155534,0.9824280838615309,0,0,1,0
1,0.1538461538461538,20,1,95,427,981,0,instafake,6.059123195581797,6.889591308354466,4.564348191467836,4.447916666666667,2.292056074766355,0.06742370475514549,0.3030518097941803,0,0,0,1
1,0.0,20,0,0,66,61,0,instafake,4.204692619390966,4.127134385045092,0.0,66.0,0.9104477611940298,0.0,0.515625,1,0,0,1
1,0.0,0,1,98,1562,1213,0,instafake,7.354362330421477,7.101675971619444,4.59511985013459,15.777777777777779,0.7760716570697377,0.035302593659942365,0.5626801152737753,0,0,1,0
1,0.0,43,1,6,420,417,0,instafake,6.042632833682381,6.035481432524756,1.9459101490553132,60.0,0.9904988123515439,0.007159904534606206,0.5011933174224343,0,0,0,0
1,0.0,0,1,15,115,143,0,instafake,4.7535901911063645,4.969813299576001,2.772588722239781,7.1875,1.2327586206896552,0.05791505791505792,0.444015444015444,0,0,0,1
1,0.0,0,0,1,404,461,0,instafake,6.003887067106539,6.135564891081739,0.6931471805599453,202.0,1.1382716049382715,0.0011547344110854503,0.4665127020785219,0,0,0,1
1,0.0,57,0,7,47,61,0,instafake,3.871201010907891,4.127134385045092,2.0794415416798357,5.875,1.2708333333333333,0.06422018348623854,0.43119266055045874,0,0,0,1
1,0.0,43,1,25,275,602,0,instafake,5.62040086571715,6.401917196727186,3.258096538021482,10.576923076923077,2.181159420289855,0.02847380410022779,0.3132118451025057,0,0,0,1
1,0.0,0,0,1,183,155,0,instafake,5.214935757608986,5.049856007249537,0.6931471805599453,91.5,0.842391304347826,0.0029498525073746312,0.5398230088495575,0,0,0,0
1,0.0,1,1,7,172,187,0,instafake,5.153291594497779,5.236441962829949,2.0794415416798357,21.5,1.0809248554913296,0.019444444444444445,0.4777777777777778,0,0,0,1
1,0.0,0,1,19,136,365,0,instafake,4.919980925828125,5.902633333401366,2.995732273553991,6.8,2.664233576642336,0.037848605577689244,0.27091633466135456,0,0,0,1
1,0.0,122,1,49,535,368,0,instafake,6.284134161070802,5.910796644040527,3.912023005428146,10.7,0.6865671641791045,0.05420353982300885,0.5918141592920354,0,0,0,0
1,0.0,0,1,571,765,424,0,ifsg,6.641182169740591,6.052089168924417,6.349138991379798,1.3374125874125875,0.5535248041775457,0.47983193277310926,0.6428571428571429,0,0,0,0
1,0.0,0,1,40,83,252,0,instafake,4.430816798843313,5.53338948872752,3.713572066704308,2.024390243902439,3.0,0.11904761904761904,0.24702380952380953,0,0,0,1
1,0.0,56,1,33,339,476,0,instafake,5.8289456176102075,6.1675164908883415,3.5263605246161616,9.970588235294118,1.4,0.04044117647058824,0.41544117647058826,0,0,0,1
1,0.0,44,1,19,735,665,0,instafake,6.601230118728877,6.501289670540389,2.995732273553991,36.75,0.9035326086956522,0.013561741613133477,0.5246252676659529,0,0,0,0
1,0.0,61,1,1,339,378,0,instafake,5.8289456176102075,5.937536205082426,0.6931471805599453,169.5,1.111764705882353,0.001392757660167131,0.47214484679665736,0,0,0,1
1,0.0,0,1,475,461,700,0,instafake,6.135564891081739,6.55250788703459,6.16541785423142,0.9684873949579832,1.5151515151515151,0.4087779690189329,0.39672977624784855,0,0,0,1
1,0.0,7,1,0,185,486,0,instafake,5.225746673713202,6.18826412308259,0.0,185.0,2.6129032258064515,0.0,0.27529761904761907,1,0,0,2
1,0.0,0,1,114,324,323,0,instafake,5.783825182329737,5.780743515792329,4.74493212836325,2.8173913043478263,0.9938461538461538,0.17592592592592593,0.5,0,0,0,0
0,0.2777777777777778,0,0,0,29,5105,1,instafake,3.4011973816621555,8.53817159780143,0.0,29.0,170.16666666666666,0.0,0.005647517039922103,1,1,0,3
1,0.6666666666666666,0,1,3,1127,3758,1,instafake,7.028201432058005,8.231908243564177,1.3862943611198906,281.75,3.3315602836879434,0.0006139991813344249,0.23065902578796563,0,1,1,2
1,0.5,0,1,0,189,276,0,ifsg,5.247024072160486,5.6240175061873385,0.0,189.0,1.4526315789473685,0.0,0.4055793991416309,1,0,0,2
0,0.33,0,0,0,82,6,1,ifsg,4.418840607796598,1.9459101490553132,0.0,82.0,0.07228915662650602,0.0,0.9213483146067416,1,0,0,1
0,0.33,20,0,2,53,303,1,ifsg,3.9889840465642745,5.717027701406222,1.0986122886681098,17.666666666666668,5.611111111111111,0.0056022408963585435,0.1484593837535014,0,0,0,1
1,0.0,48,1,58,626,679,0,instafake,6.440946540632921,6.522092798170152,4.07753744390572,10.610169491525424,1.0829346092503986,0.0444104134762634,0.4793261868300153,0,0,0,1
0,0.38,0,0,1,120,181,1,ifsg,4.795790545596741,5.204006687076795,0.6931471805599453,60.0,1.4958677685950412,0.0033112582781456954,0.3973509933774834,0,0,0,1
1,0.33,0,0,81,75,55,1,ifsg,4.330733340286331,4.02535169073515,4.406719247264253,0.9146341463414634,0.7236842105263158,0.6183206106870229,0.5725190839694656,0,0,0,0
1,0.0,54,1,70,399,826,0,instafake,5.991464547107982,6.717804695023691,4.2626798770413155,5.619718309859155,2.065,0.057096247960848286,0.3254486133768352,0,0,0,1
1,0.1428571428571428,25,0,6,1705,578,0,instafake,7.441906728051625,6.361302477572996,1.9459101490553132,243.57142857142858,0.3388042203985932,0.002626970227670753,0.7464973730297724,0,0,1,0
1,0.0,14,1,31,632,664,0,instafake,6.450470422144176,6.499787040655854,3.4657359027997265,19.75,1.0489731437598737,0.023901310717039322,0.48727833461835,0,0,0,1
0,0.58,0,0,0,49,22,1,ifsg,3.912023005428146,3.1354942159291497,0.0,49.0,0.44,0.0,0.6805555555555556,1,0,0,1
1,0.0,18,1,99,321,295,0,instafake,5.7745515455444085,5.69035945432406,4.605170185988092,3.21,0.9161490683229814,0.16045380875202594,0.520259319286872,0,0,0,0
1,0.0,42,0,2,156,199,0,instafake,5.056245805348308,5.298317366548036,1.0986122886681098,52.0,1.267515923566879,0.0056179775280898875,0.43820224719101125,0,0,0,1
1,0.0,0,1,0,13,77,0,ifsg,2.6390573296152584,4.356708826689592,0.0,13.0,5.5,0.0,0.14285714285714285,1,0,0,2
1,0.0,0,0,420,361853,583,0,ifsg,12.798996094537445,6.369900982828227,6.042632833682381,859.5083135391924,0.0016111470372028498,0.0011588220849416588,0.9983886854818906,0,0,1,0
1,0.0,10,0,5,80,4839,1,instafake,4.394449154672439,8.484669999710677,1.791759469228055,13.333333333333334,59.74074074074074,0.0010162601626016261,0.016260162601626018,0,1,0,2
1,0.58,6,1,1,34,44,1,ifsg,3.5553480614894135,3.8066624897703196,0.6931471805599453,17.0,1.2571428571428571,0.012658227848101266,0.43037974683544306,0,0,0,1
0,0.0,0,0,0,2346,7272,1,ifsg,7.760893195851024,8.89192414015454,0.0,2346.0,3.0984235193864507,0.0,0.2438922964965173,1,1,1,3
1,0.0,43,1,69,387,382,0,instafake,5.961005339623274,5.948034989180646,4.248495242049359,5.5285714285714285,0.9845360824742269,0.08961038961038961,0.5025974025974026,0,0,0,0
1,0.0,52,1,68,670,547,0,instafake,6.508769136971682,6.306275286948016,4.23410650459726,9.710144927536232,0.8152011922503726,0.05582922824302135,0.5500821018062397,0,0,0,0
1,0.0,64,0,15,428,333,0,ifsg,6.061456918928017,5.811140992976701,2.772588722239781,26.75,0.7762237762237763,0.01968503937007874,0.5616797900262467,0,0,0,0
0,0.31,0,1,0,138,99,1,ifsg,4.9344739331306915,4.605170185988092,0.0,138.0,0.7122302158273381,0.0,0.5798319327731093,1,0,0,1
1,0.22,63,1,46,464,367,0,ifsg,6.142037405587356,5.908082938168931,3.8501476017100584,9.872340425531915,0.789247311827957,0.055288461538461536,0.5576923076923077,0,0,0,0
1,0.0,0,0,123,1801,1029,0,instafake,7.496652438168283,6.937314081223682,4.820281565605037,14.524193548387096,0.5710321864594895,0.04344754503708937,0.6361709643235606,0,0,1,0
1,0.0,0,1,61,349,420,0,instafake,5.857933154483459,6.042632833682381,4.127134385045092,5.629032258064516,1.2,0.07922077922077922,0.45324675324675323,0,0,0,1
1,0.0,0,1,13,559,674,0,instafake,6.327936783729195,6.51471269087253,2.6390573296152584,39.92857142857143,1.2035714285714285,0.01053484602917342,0.4529983792544571,0,0,0,1
1,0.0,26,1,2,335,353,0,instafake,5.817111159963204,5.869296913133774,1.0986122886681098,111.66666666666667,1.0505952380952381,0.002902757619738752,0.4862119013062409,0,0,0,1
1,0.0,9,0,72,153,367,0,instafake,5.0369526024136295,5.908082938168931,4.290459441148391,2.095890410958904,2.383116883116883,0.1381957773512476,0.29366602687140114,0,0,0,1
1,0.0,42,0,31,584,669,0,instafake,6.371611847231857,6.507277712385012,3.4657359027997265,18.25,1.1435897435897435,0.024720893141945772,0.46570972886762363,0,0,0,1
1,0.22,133,0,396,881,375,0,ifsg,6.782192056006791,5.929589143389895,5.983936280687191,2.2191435768261965,0.42517006802721086,0.315035799522673,0.7008750994431185,0,0,0,0
1,0.0,49,1,128,227,342,0,instafake,5.429345628954441,5.8377304471659395,4.859812404361672,1.7596899224806202,1.5,0.22456140350877193,0.39824561403508774,0,0,0,1
1,0.0,0,1,104,416,460,0,instafake,6.0330862217988015,6.133398042996649,4.653960350157523,3.961904761904762,1.1031175059952039,0.11858608893956671,0.47434435575826683,0,0,0,1
1,0.0,51,1,11,384,219,0,instafake,5.953243334287785,5.393627546352362,2.4849066497880004,32.0,0.5688311688311688,0.018211920529801324,0.6357615894039735,0,0,0,0
1,0.0,0,1,9,0,753,1,instafake,0.0,6.625392368007956,2.302585092994046,0.0,753.0,0.011936339522546418,0.0,0,0,0,1
1,0.0,13,1,0,228,806,0,instafake,5.43372200355424,6.693323668269949,0.0,228.0,3.519650655021834,0.0,0.22028985507246376,1,0,0,2
0,0.0,0,0,0,15,1,1,ifsg,2.772588722239781,0.6931471805599453,0.0,15.0,0.0625,0.0,0.8823529411764706,1,0,0,1
1,0.0,0,1,82,200,304,0,instafake,5.303304908059076,5.720311776607412,4.418840607796598,2.4096385542168677,1.5124378109452736,0.16237623762376238,0.39603960396039606,0,0,0,1
1,0.0,0,0,13,313,280,0,instafake,5.749392985908253,5.638354669333745,2.6390573296152584,22.357142857142858,0.89171974522293,0.021885521885521887,0.5269360269360269,0,0,0,0
1,0.0,3,0,12,108,97,0,ifsg,4.6913478822291435,4.584967478670572,2.5649493574615367,8.307692307692308,0.8899082568807339,0.05825242718446602,0.5242718446601942,0,0,0,0
1,0.0,0,0,60,557,703,0,instafake,6.324358962381311,6.556778356158042,4.110873864173311,9.131147540983607,1.2598566308243728,0.047581284694686754,0.4417129262490087,0,0,0,1
1,0.0,0,0,39,221,224,0,instafake,5.402677381872279,5.41610040220442,3.6888794541139363,5.525,1.009009009009009,0.08744394618834081,0.49551569506726456,0,0,0,1
1,0.0,14,0,5,186,217,0,instafake,5.231108616854587,5.384495062789089,1.791759469228055,31.0,1.160427807486631,0.012376237623762377,0.4603960396039604,0,0,0,1
1,0.0,0,1,227,719,1107,0,instafake,6.579251212010101,7.010311867307229,5.429345628954441,3.1535087719298245,1.5375,0.12424740010946908,0.3935413245758073,0,0,0,1
1,0.0,139,1,12,611,412,0,instafake,6.416732282512326,6.023447592961033,2.5649493574615367,47.0,0.673202614379085,0.01171875,0.5966796875,0,0,0,0
1,0.0,11,1,114,682,762,0,instafake,6.52649485957079,6.637258031284457,4.74493212836325,5.930434782608696,1.115666178623719,0.07889273356401384,0.47197231833910036,0,0,0,1
1,0.0,82,1,319,328,668,0,ifsg,5.796057750765372,6.505784060128229,5.768320995793772,1.025,2.0303951367781155,0.31995987963891676,0.32898696088264795,0,0,0,1
1,0.0,33,1,154,508,723,0,instafake,6.2324480165505225,6.584791392385716,5.043425116919247,3.2774193548387096,1.4204322200392927,0.125,0.41233766233766234,0,0,0,1
1,0.0,76,0,40,377,539,0,instafake,5.934894195619588,6.29156913955832,3.713572066704308,9.195121951219512,1.4259259259259258,0.04362050163576881,0.411123227917121,0,0,0,1
1,0.0,25,1,23,404,392,0,instafake,6.003887067106539,5.973809611869261,3.1780538303479458,16.833333333333332,0.9679012345679012,0.028858218318695106,0.506900878293601,0,0,0,0
1,0.0,98,0,4,59,111,0,ifsg,4.0943445622221,4.718498871295094,1.6094379124341003,11.8,1.85,0.023391812865497075,0.34502923976608185,0,0,0,1
1,0.0,0,1,19,354,455,0,instafake,5.872117789475416,6.1224928095143865,2.995732273553991,17.7,1.2816901408450705,0.02345679012345679,0.43703703703703706,0,0,0,1
1,0.0,7,0,5,406,408,0,ifsg,6.008813185442595,6.013715156042802,1.791759469228055,67.66666666666667,1.0024570024570025,0.006134969325153374,0.498159509202454,0,0,0,1
0,0.0,0,1,0,477,474,0,instafake,6.169610732491456,6.163314804034641,0.0,477.0,0.9916317991631799,0.0,0.5010504201680672,1,0,0,1
0,0.0,0,0,0,49,58,1,ifsg,3.912023005428146,4.07753744390572,0.0,49.0,1.16,0.0,0.4537037037037037,1,0,0,2
1,0.0,123,1,126,87,399,0,ifsg,4.477336814478207,5.991464547107982,4.844187086458591,0.6850393700787402,4.534090909090909,0.2587268993839836,0.17864476386036962,0,0,0,1
1,0.0,0,1,0,129,152,0,instafake,4.867534450455582,5.030437921392435,0.0,129.0,1.1692307692307693,0.0,0.4574468085106383,1,0,0,2
1,0.0,0,1,27,196,207,0,instafake,5.2832037287379885,5.337538079701318,3.332204510175204,7.0,1.0507614213197969,0.06683168316831684,0.48514851485148514,0,0,0,1
1,0.0,143,1,273,14890,7369,0,ifsg,9.608512282590205,8.905172985183382,5.6131281063880705,54.34306569343066,0.49486266872607615,0.012264150943396227,0.6689128481581311,0,1,1,1
1,0.0,28,1,106,494,998,0,ifsg,6.20455776256869,6.906754778648554,4.672828834461906,4.616822429906542,2.0161616161616163,0.0709979906229069,0.33087742799732084,0,0,0,1
1,0.2,0,0,1,32,4,1,instafake,3.4965075614664802,1.6094379124341003,0.6931471805599453,16.0,0.12121212121212122,0.02702702702702703,0.8648648648648649,0,0,0,0
1,0.0,0,1,36,582,623,0,instafake,6.368187186350492,6.436150368369428,3.6109179126442243,15.72972972972973,1.0686106346483706,0.029850746268656716,0.48258706467661694,0,0,0,1
1,0.0,10,1,52,209,257,0,instafake,5.3471075307174685,5.552959584921617,3.970291913552122,3.943396226415094,1.223809523809524,0.11134903640256959,0.4475374732334047,0,0,0,1
1,0.0,10,0,0,36,315,0,instafake,3.6109179126442243,5.755742213586912,0.0,36.0,8.513513513513514,0.0,0.10227272727272728,1,0,0,2
1,0.0,64,1,36,907,927,0,instafake,6.811244378601294,6.833031732786201,3.6109179126442243,24.513513513513512,1.0209251101321586,0.019618528610354225,0.4942779291553134,0,0,0,1
1,0.0,93,0,2,234,658,0,instafake,5.459585514144159,6.490723534502507,1.0986122886681098,78.0,2.8,0.0022396416573348264,0.2620380739081747,0,0,0,1
1,0.1428571428571428,8,1,15,294,386,0,instafake,5.68697535633982,5.958424693029782,2.772588722239781,18.375,1.3084745762711865,0.022026431718061675,0.43171806167400884,0,0,0,1
1,0.0,0,0,88,586,779,0,instafake,6.375024819828097,6.659293919683638,4.48863636973214,6.584269662921348,1.3270868824531517,0.06442166910688141,0.4289897510980966,0,0,0,1
1,0.0,30,1,52,523,396,0,instafake,6.261491684321042,5.983936280687191,3.970291913552122,9.867924528301886,0.7557251908396947,0.05652173913043478,0.5684782608695652,0,0,0,0
1,0.2352941176470588,23,0,1,49,2499,1,instafake,3.912023005428146,7.824046010856292,0.6931471805599453,24.5,49.98,0.00039231071008238524,0.01922322479403688,0,1,0,2
0,0.0,0,0,9,589,2980,1,ifsg,6.380122536899765,8.000014093678072,2.302585092994046,58.9,5.0508474576271185,0.0025210084033613447,0.1649859943977591,0,1,0,2
1,0.0,0,1,4,473,794,0,instafake,6.161207321695077,6.678342114654332,1.6094379124341003,94.6,1.6751054852320675,0.0031545741324921135,0.37302839116719244,0,0,0,1
1,0.0,139,0,216,522,856,0,instafake,6.259581464064923,6.75343791859778,5.37989735354046,2.4055299539170507,1.6367112810707456,0.15663524292965916,0.378535170413343,0,0,0,1
1,0.0,133,0,284,1087,922,0,instafake,6.992096427415888,6.827629234502852,5.652489180268651,3.814035087719298,0.8474264705882353,0.14129353233830846,0.5407960199004975,0,0,1,0
0,0.0,0,0,0,115,230,1,ifsg,4.7535901911063645,5.442417710521793,0.0,115.0,1.9827586206896552,0.0,0.33236994219653176,1,0,0,2
1,0.44,0,1,84,106,171,1,ifsg,4.672828834461906,5.147494476813453,4.442651256490317,1.2470588235294118,1.5981308411214954,0.302158273381295,0.381294964028777,0,0,0,1
0,0.5,0,1,141,4,279,1,ifsg,1.6094379124341003,5.634789603169249,4.955827057601261,0.028169014084507043,55.8,0.4964788732394366,0.014084507042253521,0,0,0,1
1,0.0,19,1,31,633,661,0,instafake,6.452048954437226,6.495265555937008,3.4657359027997265,19.78125,1.0425867507886435,0.023938223938223938,0.4888030888030888,0,0,0,1
1,0.0,43,1,15,342,371,0,instafake,5.8377304471659395,5.918893854273146,2.772588722239781,21.375,1.0816326530612246,0.02100840336134454,0.4789915966386555,0,0,0,1
0,0.4444444444444444,24,1,0,11,344,1,instafake,2.4849066497880004,5.84354441703136,0.0,11.0,28.666666666666668,0.0,0.03089887640449438,1,0,0,2
1,0.0,0,1,12,104,120,0,instafake,4.653960350157523,4.795790545596741,2.5649493574615367,8.0,1.1428571428571428,0.05333333333333334,0.4622222222222222,0,0,0,1
0,0.0,6,0,1,50,32,1,ifsg,3.9318256327243257,3.4965075614664802,0.6931471805599453,25.0,0.6274509803921569,0.012048192771084338,0.6024096385542169,0,0,0,0
1,0.0,25,1,26,432,410,0,instafake,6.07073772800249,6.018593214496234,3.295836866004329,16.0,0.9468822170900693,0.03084223013048636,0.5124555160142349,0,0,0,0
1,0.0,63,1,807,3140,496,0,instafake,8.052296499538647,6.208590026096629,6.694562058521095,3.886138613861386,0.15791149315504616,0.22188616992026394,0.8633489139400605,0,0,1,0
1,0.88,0,0,3,57,22,1,ifsg,4.060443010546419,3.1354942159291497,1.3862943611198906,14.25,0.3793103448275862,0.0375,0.7125,0,0,0,0
1,0.0,14,0,228,1257,857,0,instafake,7.1372784372603855,6.754604099487962,5.43372200355424,5.489082969432315,0.6812400635930048,0.10780141843971631,0.5943262411347517,0,0,1,0
1,0.0,27,1,102,404,408,0,instafake,6.003887067106539,6.013715156042802,4.634728988229636,3.9223300970873787,1.0074074074074073,0.12546125461254612,0.4969249692496925,0,0,0,1
1,0.0,41,1,111,367,416,0,instafake,5.908082938168931,6.0330862217988015,4.718498871295094,3.2767857142857144,1.1304347826086956,0.14158163265306123,0.46811224489795916,0,0,0,1
1,0.0,25,1,52,298,555,0,ifsg,5.700443573390687,6.320768294250582,3.970291913552122,5.622641509433962,1.8561872909698998,0.06088992974238876,0.34894613583138173,0,0,0,1
1,0.14,0,1,18,318,523,0,ifsg,5.765191102784844,6.261491684321042,2.9444389791664403,16.736842105263158,1.6394984326018809,0.021377672209026127,0.37767220902612825,0,0,0,1
1,0.0,0,1,36,293,259,0,instafake,5.683579767338681,5.560681631015528,3.6109179126442243,7.918918918918919,0.8809523809523809,0.0650994575045208,0.5298372513562387,0,0,0,0
1,0.0,0,1,50,290,656,0,instafake,5.673323267171493,6.48768401848461,3.9318256327243257,5.686274509803922,2.254295532646048,0.05279831045406547,0.30623020063357975,0,0,0,1
0,0.0,0,1,6,32,52,1,ifsg,3.4965075614664802,3.970291913552122,1.9459101490553132,4.571428571428571,1.5757575757575757,0.07058823529411765,0.3764705882352941,0,0,0,1
1,0.0,149,1,247,814,1111,0,ifsg,6.703188113240863,7.013915474810528,5.5134287461649825,3.282258064516129,1.3631901840490797,0.12824506749740394,0.4226375908618899,0,0,0,1
1,0.0,110,0,5,312,2275,0,instafake,5.746203190540153,7.730174795246222,1.791759469228055,52.0,7.268370607028754,0.0019319938176197836,0.1205564142194745,0,1,0,2
1,0.11,0,0,1,77,34,0,ifsg,4.356708826689592,3.5553480614894135,0.6931471805599453,38.5,0.4358974358974359,0.008928571428571428,0.6875,0,0,0,0
1,0.0,0,1,56,249,171,0,instafake,5.521460917862246,5.147494476813453,4.04305126783455,4.368421052631579,0.684,0.1330166270783848,0.5914489311163895,0,0,0,0
1,0.15,37,1,2,1204,633,0,ifsg,7.094234845924755,6.452048954437226,1.0986122886681098,401.3333333333333,0.5253112033195021,0.001088139281828074,0.6550598476605005,0,0,1,0
1,0.14,78,1,97,1913,436,0,ifsg,7.5569505720129,6.07993319509559,4.584967478670572,19.520408163265305,0.2277951933124347,0.04127659574468085,0.8140425531914893,0,0,1,0
0,0.375,0,1,0,165,752,1,instafake,5.111987788356544,6.6240652277998935,0.0,165.0,4.530120481927711,0.0,0.17973856209150327,1,0,0,2
1,0.0,16,1,1,12,2721,1,instafake,2.5649493574615367,7.909122183211411,0.6931471805599453,6.0,209.30769230769232,0.000365764447695684,0.0043891733723482075,0,1,0,2
0,0.0,0,1,0,0,54,1,instafake,0.0,4.007333185232471,0.0,0.0,54.0,0.0,0.0,1,0,0,2
1,0.0,66,1,27,938,1194,0,instafake,6.844815479208263,7.085901464365611,3.332204510175204,33.5,1.2715654952076678,0.012658227848101266,0.43975621190811065,0,0,0,1
1,0.3,140,0,2,1022,5252,0,instafake,6.930494765951626,8.566554620953962,1.0986122886681098,340.6666666666667,5.133919843597263,0.00031872509960159364,0.16286852589641435,0,1,1,2
1,0.67,0,0,5,145,202,1,ifsg,4.983606621708336,5.313205979041787,1.791759469228055,24.166666666666668,1.3835616438356164,0.014367816091954023,0.4166666666666667,0,0,0,1
1,0.0,57,0,33,436,348,0,instafake,6.07993319509559,5.855071922202427,3.5263605246161616,12.823529411764707,0.7963386727688787,0.04203821656050955,0.5554140127388535,0,0,0,0
0,0.0,34,0,0,66,244,1,instafake,4.204692619390966,5.501258210544727,0.0,66.0,3.6417910447761193,0.0,0.21221864951768488,1,0,0,2
1,0.1818181818181818,40,1,12,495,491,0,instafake,6.206575926724928,6.198478716492308,2.5649493574615367,38.07692307692308,0.9899193548387096,0.0121580547112462,0.5015197568389058,0,0,0,0
1,0.0,86,0,15,433,584,0,ifsg,6.073044534100405,6.371611847231857,2.772588722239781,27.0625,1.3456221198156681,0.014734774066797643,0.42534381139489197,0,0,0,1
0,0.4,0,1,0,24,88,1,ifsg,3.2188758248682006,4.48863636973214,0.0,24.0,3.52,0.0,0.21238938053097345,1,0,0,2
1,0.0,3,0,8,2572,693,0,instafake,7.8528278122817445,6.542471960506805,2.1972245773362196,285.77777777777777,0.2693354061406918,0.002449479485609308,0.7875076546233926,0,0,1,0
1,0.0,24,0,45,187,191,0,instafake,5.236441962829949,5.2574953720277815,3.828641396489095,4.065217391304348,1.0159574468085106,0.11873350923482849,0.49340369393139843,0,0,0,1
0,0.43,0,1,2,271,445,1,ifsg,5.605802066295998,6.100318952020064,1.0986122886681098,90.33333333333333,1.6360294117647058,0.002789400278940028,0.37796373779637377,0,0,0,1
1,0.0,4,1,4,132,183,0,ifsg,4.890349128221754,5.214935757608986,1.6094379124341003,26.4,1.3759398496240602,0.012658227848101266,0.4177215189873418,0,0,0,1
1,0.0,0,1,21,348,359,0,instafake,5.855071922202427,5.886104031450156,3.091042453358316,15.818181818181818,1.0286532951289398,0.029661016949152543,0.4915254237288136,0,0,0,1
1,0.0,0,1,1,0,44,1,ifsg,0.0,3.8066624897703196,0.6931471805599453,0.0,44.0,0.022222222222222223,0.0,0,0,0,1
1,0.0,0,1,117,99,227,0,instafake,4.605170185988092,5.429345628954441,4.770684624465665,0.8389830508474576,2.27,0.3577981651376147,0.30275229357798167,0,0,0,1
1,0.0,0,1,0,95,106,0,instafake,4.564348191467836,4.672828834461906,0.0,95.0,1.1041666666666667,0.0,0.47029702970297027,1,0,0,2
1,0.22,0,1,51,606,430,0,ifsg,6.408528791059498,6.066108090103747,3.9512437185814275,11.653846153846153,0.7084019769357496,0.04918032786885246,0.5843780135004821,0,0,0,0
0,0.0,0,1,0,0,177,1,ifsg,0.0,5.181783550292085,0.0,0.0,177.0,0.0,0.0,1,0,0,2
1,0.0,0,0,1,88,266,1,instafake,4.48863636973214,5.58724865840025,0.6931471805599453,44.0,2.9887640449438204,0.0028169014084507044,0.24788732394366197,0,0,0,1
1,0.0,19,1,19,449,410,0,instafake,6.1092475827643655,6.018593214496234,2.995732273553991,22.45,0.9111111111111111,0.022093023255813953,0.522093023255814,0,0,0,0
1,0.0,0,1,76,709,692,0,instafake,6.565264970035361,6.541029999189903,4.343805421853684,9.207792207792208,0.9746478873239437,0.05420827389443652,0.5057061340941512,0,0,0,0
1,0.1666666666666666,84,1,86,718,917,0,instafake,6.577861357721047,6.822197390620491,4.465908118654584,8.25287356321839,1.2753824756606398,0.05256723716381418,0.4388753056234719,0,0,0,1
1,0.0,64,1,152,450,473,0,instafake,6.111467339502679,6.161207321695077,5.030437921392435,2.9411764705882355,1.048780487804878,0.1645021645021645,0.487012987012987,0,0,0,1
1,0.0,0,0,3,322,257,0,instafake,5.777652323222656,5.552959584921617,1.3862943611198906,80.5,0.7956656346749226,0.005172413793103448,0.5551724137931034,0,0,0,0
1,0.5,2,1,299,34,108,1,ifsg,3.5553480614894135,4.6913478822291435,5.703782474656201,0.11333333333333333,3.085714285714286,2.090909090909091,0.23776223776223776,0,0,0,1
1,0.0,24,1,11,87,95,0,instafake,4.477336814478207,4.564348191467836,2.4849066497880004,7.25,1.0795454545454546,0.060109289617486336,0.47540983606557374,0,0,0,1
1,0.0,84,0,932,1027419,293,0,ifsg,13.842561363440588,5.683579767338681,6.838405200847344,1101.1993569131832,0.00028518035467481654,0.00090686796800274,0.9997139279156729,0,0,1,0
0,0.5,0,0,1,17,33,1,ifsg,2.8903717578961645,3.5263605246161616,0.6931471805599453,8.5,1.8333333333333333,0.0196078431372549,0.3333333333333333,0,0,0,1
0,0.44,0,0,1,16,27,1,ifsg,2.833213344056216,3.332204510175204,0.6931471805599453,8.0,1.588235294117647,0.022727272727272728,0.36363636363636365,0,0,0,1
0,0.44,0,0,0,10,0,1,ifsg,2.3978952727983707,0.0,0.0,10.0,0.0,0.0,0.9090909090909091,1,0,0,1
1,0.0,32,1,12,438,339,0,instafake,6.0844994130751715,5.8289456176102075,2.5649493574615367,33.69230769230769,0.7722095671981777,0.015424164524421594,0.5629820051413882,0,0,0,0
0,0.0,26,0,2,622,364,1,instafake,6.434546518787453,5.8998973535824915,1.0986122886681098,207.33333333333334,0.5842696629213483,0.002026342451874367,0.630192502532928,0,0,0,0
1,0.0,0,0,4,32,48,0,instafake,3.4965075614664802,3.8918202981106265,1.6094379124341003,6.4,1.4545454545454546,0.04938271604938271,0.3950617283950617,0,0,0,1
1,0.0,33,1,67,529,589,0,instafake,6.272877006546167,6.380122536899765,4.219507705176107,7.779411764705882,1.1113207547169812,0.05987488829311886,0.4727435210008937,0,0,0,1
1,0.0,4,1,16,571,755,0,instafake,6.349138991379798,6.628041376179533,2.833213344056216,33.588235294117645,1.31993006993007,0.012057272042200452,0.43029389600602863,0,0,0,1
1,0.0,0,1,19,552,521,0,ifsg,6.315358001522335,6.257667587882639,2.995732273553991,27.6,0.9421338155515371,0.017690875232774673,0.5139664804469274,0,0,0,0
1,0.0,22,0,29,777,582,0,instafake,6.656726524178391,6.368187186350492,3.4011973816621555,25.9,0.7480719794344473,0.021323529411764706,0.5713235294117647,0,0,0,0
1,0.0,0,0,36,1204,2928,0,ifsg,7.094234845924755,7.982416346827733,3.6109179126442243,32.54054054054054,2.429875518672199,0.008710379869344302,0.29131381563029274,0,1,1,2
1,0.0,0,1,5,310,894,1,ifsg,5.739792912179234,6.796823718274855,1.791759469228055,51.666666666666664,2.87459807073955,0.004149377593360996,0.2572614107883817,0,0,0,1
1,0.0,21,1,58,265,319,0,instafake,5.583496308781699,5.768320995793772,4.07753744390572,4.491525423728813,1.199248120300752,0.09914529914529914,0.452991452991453,0,0,0,1
1,0.0,0,1,13,588,497,0,instafake,6.3784261836515865,6.210600077024653,2.6390573296152584,42.0,0.8438030560271647,0.011970534069981584,0.5414364640883977,0,0,0,0
1,0.29,48,0,1570,1128,694,0,ifsg,7.029087564149662,6.543911845564792,7.359467638255621,0.7180140038192234,0.6147032772364924,0.8612177729018102,0.6187602852441031,0,0,1,0
1,0.0,54,0,6,605,525,0,instafake,6.406879986069314,6.26530121273771,1.9459101490553132,86.42857142857143,0.8663366336633663,0.005305039787798408,0.5349248452696729,0,0,0,0
1,0.0,0,0,323,861,686,0,instafake,6.759255270663693,6.532334292222349,5.780743515792329,2.6574074074074074,0.7958236658932715,0.208656330749354,0.5562015503875969,0,0,0,0
1,0.2,82,0,9,801,4536,0,instafake,6.687108607866515,8.420021279663963,2.302585092994046,80.1,5.655860349127182,0.0016860247283626826,0.15005620082427876,0,1,0,2
1,0.38,37,1,1,2,16,1,ifsg,1.0986122886681098,2.833213344056216,0.6931471805599453,1.0,5.333333333333333,0.05263157894736842,0.10526315789473684,0,0,0,1
1,0.0,0,1,16,619,937,0,instafake,6.429719478039138,6.843749949006225,2.833213344056216,36.411764705882355,1.511290322580645,0.010276172125883108,0.39755940912010274,0,0,0,1
1,0.0,62,0,64,722,261,0,ifsg,6.583409222158765,5.568344503761097,4.174387269895637,11.107692307692307,0.36099585062240663,0.06504065040650407,0.733739837398374,0,0,0,0
1,0.0,83,0,6,149,822,0,instafake,5.0106352940962555,6.71295620067707,1.9459101490553132,21.285714285714285,5.48,0.006172839506172839,0.15329218106995884,0,0,0,1
1,0.0,74,0,13,581,568,0,ifsg,6.366470447731438,6.343880434126331,2.6390573296152584,41.5,0.9759450171821306,0.011304347826086957,0.5052173913043478,0,0,0,0
1,0.3636363636363636,44,0,4,135,517,0,instafake,4.912654885736052,6.249975242259483,1.6094379124341003,27.0,3.801470588235294,0.006125574272588055,0.20673813169984687,0,0,0,1
1,0.25,21,1,30,536,669,0,instafake,6.285998094508865,6.507277712385012,3.4339872044851463,17.29032258064516,1.2458100558659218,0.024875621890547265,0.4444444444444444,0,0,0,1
1,0.0,59,0,21,634,648,0,instafake,6.453624998892692,6.47543271670409,3.091042453358316,28.818181818181817,1.020472440944882,0.01636788776305534,0.49415432579890883,0,0,0,1
0,0.71,0,1,0,4,25,1,ifsg,1.6094379124341003,3.258096538021482,0.0,4.0,5.0,0.0,0.13333333333333333,1,0,0,2
1,0.0,3,1,0,217,198,0,instafake,5.384495062789089,5.293304824724492,0.0,217.0,0.908256880733945,0.0,0.5216346153846154,1,0,0,1
1,0.33,86,1,25,96,499,0,ifsg,4.574710978503383,6.214608098422191,3.258096538021482,3.6923076923076925,5.144329896907217,0.04194630872483222,0.1610738255033557,0,0,0,1
1,0.17,0,0,12,361,562,0,ifsg,5.8916442118257715,6.333279628139691,2.5649493574615367,27.76923076923077,1.5524861878453038,0.012987012987012988,0.3906926406926407,0,0,0,1
0,0.57,0,0,0,12,30,1,ifsg,2.5649493574615367,3.4339872044851463,0.0,12.0,2.3076923076923075,0.0,0.27906976744186046,1,0,0,2
1,0.125,0,0,9,1002,4209,0,instafake,6.910750787961936,8.345217926676428,2.302585092994046,100.2,4.196410767696909,0.0017267843438219493,0.19224865694551035,0,1,1,2
1,0.0,126,1,5,228,238,0,ifsg,5.43372200355424,5.476463551931511,1.791759469228055,38.0,1.039301310043668,0.010706638115631691,0.48822269807280516,0,0,0,1
1,0.0,9,1,440,208,310,0,instafake,5.342334251964811,5.739792912179234,6.089044875446846,0.47165532879818595,1.4832535885167464,0.8477842003853564,0.4007707129094412,0,0,0,1
1,0.0,9,1,471,523,782,0,instafake,6.261491684321042,6.663132695990803,6.156978985585555,1.1080508474576272,1.4923664122137406,0.36064318529862177,0.4004594180704441,0,0,0,1
1,0.19,0,0,1,104,15,0,ifsg,4.653960350157523,2.772588722239781,0.6931471805599453,52.0,0.14285714285714285,0.008333333333333333,0.8666666666666667,0,0,0,0
0,0.0,0,0,0,2,30,1,ifsg,1.0986122886681098,3.4339872044851463,0.0,2.0,10.0,0.0,0.06060606060606061,1,0,0,2
1,0.0,22,1,56,631,645,0,instafake,6.448889394146858,6.470799503782602,4.04305126783455,11.070175438596491,1.0205696202531647,0.04385277995301488,0.4941268598277212,0,0,0,1
1,0.0,0,1,59,31,215,1,ifsg,3.4657359027997265,5.375278407684165,4.0943445622221,0.5166666666666667,6.71875,0.2388663967611336,0.12550607287449392,0,0,0,1
1,0.0,0,1,206,242,273,0,instafake,5.493061443340548,5.6131281063880705,5.332718793265369,1.1690821256038648,1.123456790123457,0.3992248062015504,0.4689922480620155,0,0,0,1
1,0.0,31,1,1232,728,1213,0,ifsg,6.591673732008658,7.101675971619444,7.117205503164344,0.5904298459042985,1.663923182441701,0.6343975283213182,0.3748712667353244,0,0,0,1
1,0.09,0,0,80,1298,407,0,ifsg,7.1693500166706,6.0112671744041615,4.394449154672439,16.02469135802469,0.31331793687451887,0.04689331770222743,0.7608440797186401,0,0,1,0
1,0.0,0,0,1,5,964,1,instafake,1.791759469228055,6.872128101338986,0.6931471805599453,2.5,160.66666666666666,0.0010309278350515464,0.005154639175257732,0,0,0,1
1,0.0,136,0,113,3257,3511,0,instafake,8.08886878916199,8.163940954755008,4.736198448394496,28.57017543859649,1.0776550030693677,0.016693750923326933,0.48116413059536123,0,1,1,2
0,0.13,0,0,0,42,240,1,ifsg,3.7612001156935624,5.484796933490655,0.0,42.0,5.5813953488372094,0.0,0.14840989399293286,1,0,0,2
1,0.0,0,1,8,319,335,0,ifsg,5.768320995793772,5.817111159963204,2.1972245773362196,35.44444444444444,1.046875,0.012213740458015267,0.4870229007633588,0,0,0,1
1,0.0,0,1,1,143,233,0,instafake,4.969813299576001,5.455321115357702,0.6931471805599453,71.5,1.6180555555555556,0.002652519893899204,0.3793103448275862,0,0,0,1
1,0.25,0,1,1,5,13,0,instafake,1.791759469228055,2.6390573296152584,0.6931471805599453,2.5,2.1666666666666665,0.05263157894736842,0.2631578947368421,0,0,0,1
1,0.0,93,1,53,265,312,0,instafake,5.583496308781699,5.746203190540153,3.9889840465642745,4.907407407407407,1.1729323308270676,0.09169550173010381,0.458477508650519,0,0,0,1
1,0.375,1,1,0,150,6631,1,instafake,5.017279836814924,8.79966169681513,0.0,150.0,43.913907284768214,0.0,0.022117369507519906,1,1,0,3
1,0.0,0,1,43,582,828,0,instafake,6.368187186350492,6.720220155135295,3.784189633918261,13.227272727272727,1.4202401372212694,0.03047484053862509,0.41247342310418145,0,0,0,1
1,0.0,0,0,189,673,438,0,ifsg,6.513230110912307,6.0844994130751715,5.247024072160486,3.542105263157895,0.6498516320474778,0.16996402877697842,0.6052158273381295,0,0,0,0
0,0.64,0,0,0,42,46,1,ifsg,3.7612001156935624,3.8501476017100584,0.0,42.0,1.069767441860465,0.0,0.47191011235955055,1,0,0,2
1,0.0,70,0,2,25,765,0,instafake,3.258096538021482,6.641182169740591,1.0986122886681098,8.333333333333334,29.423076923076923,0.0025284450063211127,0.0316055625790139,0,0,0,1
1,0.0,113,0,209,5406,589,0,ifsg,8.595449689382004,6.380122536899765,5.3471075307174685,25.742857142857144,0.10893286480488255,0.034856571047364907,0.9016010673782522,0,0,1,0
1,0.1428571428571428,0,0,0,14,3359,1,instafake,2.70805020110221,8.11969625295725,0.0,14.0,223.93333333333334,0.0,0.004149377593360996,1,1,0,3
1,0.0,0,1,12,433,490,0,instafake,6.073044534100405,6.19644412779452,2.5649493574615367,33.30769230769231,1.1290322580645162,0.012987012987012988,0.4686147186147186,0,0,0,1
1,0.0,50,1,122,322,365,0,instafake,5.777652323222656,5.902633333401366,4.812184355372417,2.6178861788617884,1.130030959752322,0.17732558139534885,0.4680232558139535,0,0,0,1
1,0.18,9,0,497,5315651,2703,0,ifsg,15.486166233918542,7.902487437162855,6.210600077024653,10673.997991967872,0.0005084982989857124,9.344994833928912e-05,0.9994915721120534,0,1,1,1
1,0.0,19,1,24,182,188,0,instafake,5.209486152841421,5.241747015059643,3.2188758248682006,7.28,1.0273224043715847,0.0646900269541779,0.49056603773584906,0,0,0,1
1,0.3333333333333333,50,1,1,228,4956,1,instafake,5.43372200355424,8.508555998020574,0.6931471805599453,114.0,21.641921397379914,0.00019286403085824494,0.04397299903567985,0,1,0,2
1,0.0,0,1,1,174,172,0,instafake,5.1647859739235145,5.153291594497779,0.6931471805599453,87.0,0.9828571428571429,0.002881844380403458,0.5014409221902018,0,0,0,0
1,0.0,94,0,36,611,514,0,instafake,6.416732282512326,6.244166900663736,3.6109179126442243,16.513513513513512,0.8398692810457516,0.03197158081705151,0.5426287744227354,0,0,0,0
0,0.09,0,0,0,32,87,1,ifsg,3.4965075614664802,4.477336814478207,0.0,32.0,2.6363636363636362,0.0,0.26666666666666666,1,0,0,2
1,0.0,35,1,43,655,1016,0,ifsg,6.486160788944089,6.92461239604856,3.784189633918261,14.886363636363637,1.548780487804878,0.025717703349282296,0.39174641148325356,0,0,0,1
1,0.0,2,0,38,162,256,0,ifsg,5.093750200806762,5.54907608489522,3.6635616461296463,4.153846153846154,1.5705521472392638,0.09069212410501193,0.38663484486873506,0,0,0,1
1,0.0,0,1,9,371,442,0,instafake,5.918893854273146,6.093569770045136,2.302585092994046,37.1,1.1881720430107527,0.011056511056511056,0.4557739557739558,0,0,0,1
1,0.0,0,0,0,52,2479,1,instafake,3.970291913552122,7.8160138391590275,0.0,52.0,46.77358490566038,0.0,0.020537124802527645,1,1,0,3
0,0.0,0,0,0,9,1770,1,instafake,2.302585092994046,7.479299637782834,0.0,9.0,177.0,0.0,0.0050561797752808986,1,1,0,3
1,0.0,0,0,8,105,98,0,ifsg,4.663439094112067,4.59511985013459,2.1972245773362196,11.666666666666666,0.9245283018867925,0.0392156862745098,0.5147058823529411,0,0,0,0
1,0.0,33,0,12,266,248,0,instafake,5.58724865840025,5.517452896464707,2.5649493574615367,20.46153846153846,0.9288389513108615,0.02330097087378641,0.516504854368932,0,0,0,0
1,0.25,0,1,3,180,224,0,instafake,5.198497031265826,5.41610040220442,1.3862943611198906,45.0,1.2375690607734806,0.007407407407407408,0.4444444444444444,0,0,0,1
1,0.0,35,0,25,351,381,0,instafake,5.863631175598097,5.945420608606575,3.258096538021482,13.5,1.0823863636363635,0.034106412005457026,0.47885402455661663,0,0,0,1
0,0.43,0,0,0,52,16,1,ifsg,3.970291913552122,2.833213344056216,0.0,52.0,0.3018867924528302,0.0,0.7536231884057971,1,0,0,1
1,0.0,0,1,249,676,701,0,instafake,6.517671272912275,6.553933404025811,5.521460917862246,2.704,1.035450516986706,0.1806966618287373,0.49056603773584906,0,0,0,1
0,0.1538461538461538,0,0,0,11,76,1,instafake,2.4849066497880004,4.343805421853684,0.0,11.0,6.333333333333333,0.0,0.125,1,0,0,2
0,0.0,0,1,0,0,802,1,ifsg,0.0,6.688354713946762,0.0,0.0,802.0,0.0,0.0,1,0,0,2
1,0.2857142857142857,0,1,1,12,28,0,instafake,2.5649493574615367,3.367295829986474,0.6931471805599453,6.0,2.1538461538461537,0.024390243902439025,0.2926829268292683,0,0,0,1
1,0.0,0,1,13,566,585,0,instafake,6.340359303727752,6.373319789577012,2.6390573296152584,40.42857142857143,1.0317460317460319,0.011284722222222222,0.4913194444444444,0,0,0,1
1,0.0,33,0,24,654,679,0,instafake,6.484635235635252,6.522092798170152,3.2188758248682006,26.16,1.036641221374046,0.017991004497751123,0.49025487256371814,0,0,0,1
1,0.1538461538461538,0,0,0,5,4,0,instafake,1.791759469228055,1.6094379124341003,0.0,5.0,0.6666666666666666,0.0,0.5,1,0,0,1
0,0.43,0,0,0,34,26,1,ifsg,3.5553480614894135,3.295836866004329,0.0,34.0,0.7428571428571429,0.0,0.5573770491803278,1,0,0,1
1,0.0,74,1,134,536,504,0,instafake,6.285998094508865,6.22455842927536,4.90527477843843,3.9703703703703703,0.9385474860335196,0.1287223823246878,0.5148895292987512,0,0,0,0
1,0.0,0,0,0,96,50,0,ifsg,4.574710978503383,3.9318256327243257,0.0,96.0,0.5154639175257731,0.0,0.6530612244897959,1,0,0,1
1,0.0,150,1,141,898,624,0,instafake,6.80128303447162,6.437751649736401,4.955827057601261,6.323943661971831,0.6941045606229144,0.09258043335521995,0.5896257386736704,0,0,0,0
1,0.0,12,0,197,1070,1072,0,ifsg,6.976348070447749,6.9782137426306985,5.288267030694535,5.404040404040404,1.0009337068160598,0.0919272048530098,0.49930004666355576,0,0,1,1
1,0.0,18,1,4,501,465,0,instafake,6.218600119691729,6.144185634125646,1.6094379124341003,100.2,0.9262948207171314,0.004136504653567736,0.5180972078593589,0,0,0,0
0,0.0,0,0,0,44,45,1,ifsg,3.8066624897703196,3.828641396489095,0.0,44.0,1.0,0.0,0.4888888888888889,1,0,0,1
1,0.4285714285714285,52,0,6,0,0,1,instafake,0.0,0.0,1.9459101490553132,0.0,0.0,6.0,0.0,0,0,0,0
1,0.0,0,1,20,667,660,0,instafake,6.504288173536645,6.493753839851686,3.044522437723423,31.761904761904763,0.9880239520958084,0.015060240963855422,0.5022590361445783,0,0,0,0
1,0.0,0,0,298,945,583,0,ifsg,6.852242569051878,6.369900982828227,5.700443573390687,3.160535117056856,0.6162790697674418,0.1948986265533028,0.618051013734467,0,0,0,0
1,0.0,0,1,0,109,154,0,instafake,4.700480365792417,5.043425116919247,0.0,109.0,1.4,0.0,0.4128787878787879,1,0,0,2
1,0.0,129,1,0,47,3999,1,instafake,3.871201010907891,8.294049640102028,0.0,47.0,83.3125,0.0,0.011613540894489745,1,1,0,3
1,0.0,14,1,56,499,617,0,instafake,6.214608098422191,6.42648845745769,4.04305126783455,8.75438596491228,1.234,0.050134288272157566,0.4467323187108326,0,0,0,1
1,0.0666666666666666,66,1,52,873,913,0,instafake,6.773080375655535,6.81783057145415,3.970291913552122,16.471698113207548,1.0446224256292906,0.029099048684946838,0.4885282596530498,0,0,0,1
1,0.0,8,1,12,173,373,0,ifsg,5.159055299214529,5.924255797414532,2.5649493574615367,13.307692307692308,2.1436781609195403,0.021937842778793418,0.3162705667276051,0,0,0,1
0,0.0,14,0,0,46,38,1,ifsg,3.8501476017100584,3.6635616461296463,0.0,46.0,0.8085106382978723,0.0,0.5411764705882353,1,0,0,1
1,0.0,16,0,111,636,632,0,instafake,6.456769655572163,6.450470422144176,4.718498871295094,5.678571428571429,0.9921507064364207,0.08747044917257683,0.5011820330969267,0,0,0,0
1,0.0,106,0,526,2338,776,0,ifsg,7.757478766584179,6.655440350367647,6.267200548541362,4.436432637571158,0.3317657118426678,0.16886035313001604,0.750561797752809,0,0,1,0
1,0.0,32,1,65,566,464,0,instafake,6.340359303727752,6.142037405587356,4.189654742026425,8.575757575757576,0.818342151675485,0.06304558680892337,0.5489815712900097,0,0,0,0
1,0.2631578947368421,0,0,1,19,4046,1,instafake,2.995732273553991,8.305731144875866,0.6931471805599453,9.5,202.3,0.00024594195769798326,0.004672897196261682,0,1,0,2
0,0.25,0,0,0,92,403,1,ifsg,4.532599493153256,6.0014148779611505,0.0,92.0,4.333333333333333,0.0,0.18548387096774194,1,0,0,2
1,0.0,48,1,4,339,331,0,instafake,5.8289456176102075,5.805134968916488,1.6094379124341003,67.8,0.9735294117647059,0.005961251862891207,0.5052160953800298,0,0,0,0
1,0.0,1,1,12,247,236,0,instafake,5.5134287461649825,5.4680601411351315,2.5649493574615367,19.0,0.9516129032258065,0.024793388429752067,0.5103305785123967,0,0,0,0
1,0.0,117,0,90,81267,963,0,ifsg,11.3055076141175,6.871091294610546,4.51085950651685,893.0439560439561,0.011849682531869863,0.0010944777516994808,0.9882769271929078,0,0,1,0
1,0.0,149,0,130,39867,4664,0,ifsg,10.593329276087347,8.447843113281444,4.875197323201151,304.32824427480915,0.11698605397812782,0.002919249079313752,0.8952438695769335,0,1,1,1
1,0.33,0,1,18,267,328,0,ifsg,5.5909869805108565,5.796057750765372,2.9444389791664403,14.052631578947368,1.2238805970149254,0.030201342281879196,0.44798657718120805,0,0,0,1
1,0.0,91,0,135,1761,905,0,ifsg,7.474204806496124,6.80903930604298,4.912654885736052,12.948529411764707,0.5136208853575482,0.05061867266591676,0.6602924634420697,0,0,1,0
1,0.08,1,0,283,346,426,0,ifsg,5.849324779946859,6.056784013228625,5.648974238161206,1.2183098591549295,1.2276657060518732,0.36610608020698576,0.4476067270375162,0,0,0,1
0,0.25,0,0,0,0,0,1,ifsg,0.0,0.0,0.0,0.0,0.0,0.0,0.0,1,0,0,1
1,0.0,0,1,47,292,447,0,instafake,5.680172609017068,6.104793232414985,3.871201010907891,6.083333333333333,1.5255972696245734,0.06351351351351352,0.3945945945945946,0,0,0,1
0,0.4,0,0,2,97,408,1,ifsg,4.584967478670572,6.013715156042802,1.0986122886681098,32.333333333333336,4.163265306122449,0.003952569169960474,0.191699604743083,0,0,0,1
1,0.0,0,1,2,119,116,0,instafake,4.787491742782046,4.762173934797756,1.0986122886681098,39.666666666666664,0.9666666666666667,0.00847457627118644,0.5042372881355932,0,0,0,0
1,0.4,0,1,4,146,166,0,instafake,4.990432586778736,5.117993812416755,1.6094379124341003,29.2,1.129251700680272,0.012779552715654952,0.46645367412140576,0,0,0,1
1,0.0,98,0,487,1962,2701,0,ifsg,7.5822291942764615,7.9017475185201445,6.1903154058531475,4.020491803278689,1.3759551706571573,0.10441680960548885,0.4206689536878216,0,1,1,2
1,0.0,0,0,3,11,2258,1,instafake,2.4849066497880004,7.7226775164680035,1.3862943611198906,2.75,188.16666666666666,0.0013215859030837004,0.004845814977973568,0,1,0,2
1,0.4,0,0,3,247,1749,1,instafake,5.5134287461649825,7.4673710669175595,1.3862943611198906,61.75,7.05241935483871,0.0015022533800701052,0.12368552829243866,0,1,0,2
1,0.0,150,0,161,1383,7500,0,ifsg,7.232733136177615,8.922791623969637,5.087596335232384,8.537037037037036,5.41907514450867,0.018122467357046375,0.15567312021611887,0,1,1,2
1,0.0,0,1,56,345,362,0,instafake,5.846438775057725,5.8944028342648505,4.04305126783455,6.052631578947368,1.046242774566474,0.07909604519774012,0.4872881355932203,0,0,0,1
1,0.0,0,1,76,290,289,0,instafake,5.673323267171493,5.66988092298052,4.343805421853684,3.7662337662337664,0.993127147766323,0.1310344827586207,0.5,0,0,0,0
1,0.0,40,1,10,323,373,0,instafake,5.780743515792329,5.924255797414532,2.3978952727983707,29.363636363636363,1.1512345679012346,0.014347202295552367,0.4634146341463415,0,0,0,1
1,0.6,0,0,12,65,162,1,ifsg,4.189654742026425,5.093750200806762,2.5649493574615367,5.0,2.4545454545454546,0.05263157894736842,0.2850877192982456,0,0,0,1
1,0.0,12,0,63,1843,598,0,ifsg,7.519692404116539,6.395261598115449,4.1588830833596715,28.796875,0.324295010845987,0.025798525798525797,0.7547092547092548,0,0,1,0
0,0.0,0,0,0,51,41,1,ifsg,3.9512437185814275,3.7376696182833684,0.0,51.0,0.7884615384615384,0.0,0.5483870967741935,1,0,0,1
1,0.0,18,1,227,486,651,0,instafake,6.18826412308259,6.480044561926653,5.429345628954441,2.1315789473684212,1.3367556468172486,0.19947275922671354,0.4270650263620387,0,0,0,1
1,0.0,50,0,16,122,177,0,ifsg,4.812184355372417,5.181783550292085,2.833213344056216,7.176470588235294,1.4390243902439024,0.05333333333333334,0.4066666666666667,0,0,0,1
1,0.0,0,1,112,299,540,0,instafake,5.703782474656201,6.293419278846481,4.727387818712341,2.646017699115044,1.8,0.13333333333333333,0.35595238095238096,0,0,0,1
0,0.44,0,0,0,39,153,1,ifsg,3.6888794541139363,5.0369526024136295,0.0,39.0,3.825,0.0,0.20207253886010362,1,0,0,2
1,0.0,0,1,14,113,112,0,instafake,4.736198448394496,4.727387818712341,2.70805020110221,7.533333333333333,0.9824561403508771,0.061946902654867256,0.5,0,0,0,0
1,0.33,0,0,8,210,1543,1,ifsg,5.351858133476067,7.342131730584722,2.1972245773362196,23.333333333333332,7.312796208530806,0.004561003420752566,0.11972633979475485,0,1,0,2
1,0.0,0,1,3,189,177,0,ifsg,5.247024072160486,5.181783550292085,1.3862943611198906,47.25,0.9315789473684211,0.008174386920980926,0.5149863760217984,0,0,0,0
1,0.0,0,1,8,106,115,0,instafake,4.672828834461906,4.7535901911063645,2.1972245773362196,11.777777777777779,1.074766355140187,0.036036036036036036,0.4774774774774775,0,0,0,1
1,0.0,0,1,70,516,463,0,ifsg,6.248042874508429,6.139884552226255,4.2626798770413155,7.267605633802817,0.8955512572533849,0.07142857142857142,0.5265306122448979,0,0,0,0
1,0.0,0,1,30,52,121,0,instafake,3.970291913552122,4.804021044733257,3.4339872044851463,1.6774193548387097,2.2830188679245285,0.1724137931034483,0.2988505747126437,0,0,0,1
1,0.0,13,1,34,593,923,0,instafake,6.386879319362645,6.828712071641684,3.5553480614894135,16.942857142857143,1.5538720538720538,0.02241265655899802,0.3909030982201714,0,0,0,1
1,0.25,0,1,5,283,477,0,instafake,5.648974238161206,6.169610732491456,1.791759469228055,47.166666666666664,1.6795774647887325,0.006570302233902759,0.3718791064388962,0,0,0,1
1,0.0,0,0,240,425,917,0,ifsg,6.054439346269371,6.822197390620491,5.484796933490655,1.7634854771784232,2.152582159624413,0.17870439314966494,0.31645569620253167,0,0,0,1
1,0.0,41,1,95,569,539,0,instafake,6.345636360828596,6.29156913955832,4.564348191467836,5.927083333333333,0.9456140350877194,0.08566275924256087,0.5130748422001803,0,0,0,0
1,0.0,0,0,49,114,248,0,instafake,4.74493212836325,5.517452896464707,3.912023005428146,2.28,2.1565217391304348,0.1349862258953168,0.3140495867768595,0,0,0,1
1,0.0,25,1,26,775,691,0,instafake,6.654152520183219,6.539585955617669,3.295836866004329,28.703703703703702,0.8904639175257731,0.01772324471710975,0.5282890252215405,0,0,0,0
1,0.0,12,1,92,293,339,0,instafake,5.683579767338681,5.8289456176102075,4.532599493153256,3.150537634408602,1.153061224489796,0.14533965244865718,0.4628751974723539,0,0,0,1
1,0.0,0,1,82,244,263,0,instafake,5.501258210544727,5.575949103146316,4.418840607796598,2.9397590361445785,1.073469387755102,0.16141732283464566,0.48031496062992124,0,0,0,1
1,0.25,103,1,2,136,162,0,instafake,4.919980925828125,5.093750200806762,1.0986122886681098,45.333333333333336,1.1824817518248176,0.006688963210702341,0.45484949832775917,0,0,0,1
1,0.4,23,1,27,211,255,0,instafake,5.356586274672012,5.545177444479562,3.332204510175204,7.535714285714286,1.2028301886792452,0.057815845824411134,0.4518201284796574,0,0,0,1
1,0.0,0,0,3,959,2107,1,instafake,6.866933284461882,7.653494909661253,1.3862943611198906,239.75,2.1947916666666667,0.00097815454841865,0.3126834039778285,0,1,1,2
1,0.2,89,1,13,138,208,0,ifsg,4.9344739331306915,5.342334251964811,2.6390573296152584,9.857142857142858,1.4964028776978417,0.037463976945244955,0.3976945244956772,0,0,0,1
1,0.0,0,1,134,511,916,0,instafake,6.238324625039508,6.821107472256465,4.90527477843843,3.785185185185185,1.7890625,0.0938375350140056,0.35784313725490197,0,0,0,1
1,0.0,18,1,102,321,306,0,instafake,5.7745515455444085,5.726847747587197,4.634728988229636,3.116504854368932,0.9503105590062112,0.1624203821656051,0.5111464968152867,0,0,0,0
1,0.0,0,1,37,192,145,0,instafake,5.262690188904886,4.983606621708336,3.6375861597263857,5.052631578947368,0.7512953367875648,0.10946745562130178,0.5680473372781065,0,0,0,0
1,0.0,73,1,71,155,359,0,instafake,5.049856007249537,5.886104031450156,4.276666119016055,2.1527777777777777,2.301282051282051,0.1378640776699029,0.30097087378640774,0,0,0,1
1,0.29,50,1,4,23,151,1,ifsg,3.1780538303479458,5.0238805208462765,1.6094379124341003,4.6,6.291666666666667,0.022857142857142857,0.13142857142857142,0,0,0,1
1,0.0,22,0,30,873,4935,0,instafake,6.773080375655535,8.504310565585223,3.4339872044851463,28.161290322580644,5.646453089244852,0.0051644000688586674,0.15028404200378723,0,1,0,2
1,0.3333333333333333,8,0,1,37,1982,1,instafake,3.6375861597263857,7.592366128519796,0.6931471805599453,18.5,52.1578947368421,0.0004950495049504951,0.018316831683168316,0,1,0,2
1,0.0,43,1,67,381,515,0,instafake,5.945420608606575,6.246106765481563,4.219507705176107,5.602941176470588,1.3481675392670156,0.07469342251950947,0.42474916387959866,0,0,0,1
1,0.0,0,1,62,318,569,0,ifsg,5.765191102784844,6.345636360828596,4.143134726391533,5.0476190476190474,1.7836990595611286,0.06981981981981981,0.3581081081081081,0,0,0,1
1,0.0,23,1,6,319,328,0,instafake,5.768320995793772,5.796057750765372,1.9459101490553132,45.57142857142857,1.025,0.009259259259259259,0.49228395061728397,0,0,0,1
1,0.57,0,0,0,47,10,1,ifsg,3.871201010907891,2.3978952727983707,0.0,47.0,0.20833333333333334,0.0,0.8103448275862069,1,0,0,1
1,0.0,94,0,875,2082,2197,0,instafake,7.641564441260972,7.6953031349635665,6.775366090936392,2.3767123287671232,1.0547287566010561,0.2044392523364486,0.4864485981308411,0,1,1,2
1,0.0,53,1,131,203,250,0,instafake,5.318119993844216,5.5254529391317835,4.882801922586371,1.5378787878787878,1.2254901960784315,0.28854625550660795,0.44713656387665196,0,0,0,1
1,0.1666666666666666,0,0,4,207,258,0,instafake,5.337538079701318,5.556828061699537,1.6094379124341003,41.4,1.2403846153846154,0.008583690987124463,0.44420600858369097,0,0,0,1
1,0.0,0,0,9,366,552,0,ifsg,5.905361848054571,6.315358001522335,2.302585092994046,36.6,1.5040871934604905,0.009793253536452665,0.3982589771490751,0,0,0,1
1,0.0,0,1,1,210,220,0,instafake,5.351858133476067,5.3981627015177525,0.6931471805599453,105.0,1.042654028436019,0.002320185614849188,0.4872389791183295,0,0,0,1
1,0.0,10,1,41,525,1017,0,instafake,6.26530121273771,6.925595197110468,3.7376696182833684,12.5,1.9334600760456273,0.026571613739468567,0.3402462734931951,0,0,0,1
1,0.09,5,0,165,3003,455,0,ifsg,8.007700012884026,6.1224928095143865,5.111987788356544,18.09036144578313,0.1514647137150466,0.047701647875108416,0.8681699913269731,0,0,1,0
1,0.0,24,0,2,875,1027,0,instafake,6.775366090936392,6.93537044601511,1.0986122886681098,291.6666666666667,1.1723744292237444,0.0010509721492380452,0.4598003152916448,0,0,0,1
1,0.0,27,0,334,6741307,111,0,ifsg,15.723764529342159,4.718498871295094,5.814130531825066,20123.30447761194,1.646564731948162e-05,4.9544465341792286e-05,0.9999833862870711,0,0,1,0
0,0.67,0,0,0,32,23,1,ifsg,3.4965075614664802,3.1780538303479458,0.0,32.0,0.696969696969697,0.0,0.5714285714285714,1,0,0,1
1,0.0,41,1,23,460,459,0,instafake,6.133398042996649,6.131226489483141,3.1780538303479458,19.166666666666668,0.9956616052060737,0.025,0.5,0,0,0,0
1,0.0,0,1,156,289,222,0,ifsg,5.66988092298052,5.407171771460119,5.056245805348308,1.8407643312101911,0.7655172413793103,0.3046875,0.564453125,0,0,0,0
0,0.2,0,0,2,49,12,1,ifsg,3.912023005428146,2.5649493574615367,1.0986122886681098,16.333333333333332,0.24,0.03225806451612903,0.7903225806451613,0,0,0,0
1,0.0,41,1,78,542,531,0,instafake,6.297109319933935,6.2766434893416445,4.3694478524670215,6.860759493670886,0.9779005524861878,0.07262569832402235,0.5046554934823091,0,0,0,0
1,0.0,0,1,5,369,396,0,instafake,5.91350300563827,5.983936280687191,1.791759469228055,61.5,1.0702702702702702,0.006527415143603133,0.48172323759791125,0,0,0,1
1,0.0625,35,1,61,936,706,0,instafake,6.842683282238422,6.561030665896573,4.127134385045092,15.096774193548388,0.7534685165421559,0.03712720632988436,0.5696895922093731,0,0,0,0
1,0.0,0,1,91,625,921,0,instafake,6.439350371100098,6.826545223556594,4.5217885770490405,6.793478260869565,1.4712460063897763,0.058823529411764705,0.4040077569489334,0,0,0,1
1,0.0,9,1,75,476,462,0,instafake,6.1675164908883415,6.137727054086234,4.330733340286331,6.2631578947368425,0.9685534591194969,0.07987220447284345,0.5069222577209798,0,0,0,0
1,0.0,40,1,799,330,422,0,instafake,5.802118375377063,6.0473721790462776,6.684611727667927,0.4125,1.2749244712990937,1.0610889774236387,0.43824701195219123,0,0,0,1
1,0.0,42,1,108,615,830,0,instafake,6.423246963533519,6.7226297948554485,4.6913478822291435,5.6422018348623855,1.3474025974025974,0.07468879668049792,0.42531120331950206,0,0,0,1
1,0.0,6,0,83,847,652,0,instafake,6.742880635791903,6.481577129276431,4.430816798843313,10.083333333333334,0.7688679245283019,0.05533333333333333,0.5646666666666667,0,0,0,0
1,0.1666666666666666,0,1,3,89,112,0,instafake,4.499809670330265,4.727387818712341,1.3862943611198906,22.25,1.2444444444444445,0.01485148514851485,0.4405940594059406,0,0,0,1
1,0.0,10,1,2,138,124,0,instafake,4.9344739331306915,4.8283137373023015,1.0986122886681098,46.0,0.8920863309352518,0.0076045627376425855,0.5247148288973384,0,0,0,0
1,0.0,46,1,7,257,346,0,ifsg,5.552959584921617,5.849324779946859,2.0794415416798357,32.125,1.3410852713178294,0.011589403973509934,0.42549668874172186,0,0,0,1
1,0.0,48,1,34,625,703,0,instafake,6.439350371100098,6.556778356158042,3.5553480614894135,17.857142857142858,1.123003194888179,0.025583145221971408,0.47027840481565086,0,0,0,1
1,0.0,22,1,94,254,352,0,instafake,5.541263545158426,5.8664680569332965,4.553876891600541,2.6736842105263157,1.380392156862745,0.15485996705107083,0.4184514003294893,0,0,0,1
1,0.0,0,0,3,143,237,0,instafake,4.969813299576001,5.472270673671475,1.3862943611198906,35.75,1.6458333333333333,0.007874015748031496,0.3753280839895013,0,0,0,1
0,0.15,0,0,1,13,22,1,ifsg,2.6390573296152584,3.1354942159291497,0.6931471805599453,6.5,1.5714285714285714,0.027777777777777776,0.3611111111111111,0,0,0,1
1,0.0,76,0,411,911,343,0,instafake,6.815639990074331,5.840641657373398,6.021023349349527,2.2111650485436893,0.37609649122807015,0.32749003984063746,0.7258964143426295,0,0,0,0
1,0.0,18,0,78,687,539,0,instafake,6.5337888379333435,6.29156913955832,4.3694478524670215,8.69620253164557,0.7834302325581395,0.06356968215158924,0.5599022004889975,0,0,0,0
1,0.0,0,0,0,270,493,0,instafake,5.602118820879701,6.202535517187923,0.0,270.0,1.8191881918819188,0.0,0.35340314136125656,1,0,0,2
1,0.2857142857142857,0,1,0,8,1709,1,instafake,2.1972245773362196,7.444248649496705,0.0,8.0,189.88888888888889,0.0,0.004656577415599534,1,1,0,3
1,0.0,0,1,44,400,835,0,instafake,5.993961427306569,6.728628613084702,3.8066624897703196,8.88888888888889,2.082294264339152,0.03559870550161812,0.32362459546925565,0,0,0,1
1,0.0,6,1,58,581,544,0,instafake,6.366470447731438,6.300785794663244,4.07753744390572,9.847457627118644,0.9347079037800687,0.05150976909413854,0.5159857904085258,0,0,0,0
1,0.0,31,1,1,272,302,0,instafake,5.60947179518496,5.713732805509369,0.6931471805599453,136.0,1.1062271062271063,0.0017391304347826088,0.47304347826086957,0,0,0,1
1,0.0,33,1,176,341,1049,0,instafake,5.834810737062605,6.956545443151569,5.176149732573829,1.926553672316384,3.0672514619883042,0.12652767792954708,0.24514737598849748,0,0,0,1
1,0.0,71,0,72,1824,2713,0,ifsg,7.509335266016592,7.906178840394815,4.290459441148391,24.986301369863014,1.4865753424657535,0.015866020273248127,0.4019391802556192,0,1,1,2
1,0.0,27,0,0,514,1999,1,instafake,6.244166900663736,7.600902459542082,0.0,514.0,3.8815533980582524,0.0,0.20445505171042164,1,1,0,3
1,0.0,0,1,18,524,510,0,instafake,6.263398262591624,6.236369590203704,2.9444389791664403,27.57894736842105,0.9714285714285714,0.017391304347826087,0.506280193236715,0,0,0,0
1,0.0,34,1,30,334,499,0,instafake,5.814130531825066,6.214608098422191,3.4339872044851463,10.774193548387096,1.48955223880597,0.03597122302158273,0.40047961630695444,0,0,0,1
1,0.0,24,1,19,473,531,0,instafake,6.161207321695077,6.2766434893416445,2.995732273553991,23.65,1.120253164556962,0.01890547263681592,0.47064676616915424,0,0,0,1
1,0.29,0,0,10,167,164,0,ifsg,5.123963979403259,5.10594547390058,2.3978952727983707,15.181818181818182,0.9761904761904762,0.030120481927710843,0.5030120481927711,0,0,0,0
1,0.0,0,1,85,165,181,0,instafake,5.111987788356544,5.204006687076795,4.454347296253507,1.9186046511627908,1.0903614457831325,0.24495677233429394,0.4755043227665706,0,0,0,1
1,0.0,133,0,307,602517,482,0,ifsg,13.308872819419355,6.180016653652572,5.730099782973574,1956.224025974026,0.0007999761002990782,0.0005091210613598673,0.9991990049751244,0,0,1,0
1,0.4,0,0,0,5,77,1,instafake,1.791759469228055,4.356708826689592,0.0,5.0,12.833333333333334,0.0,0.060240963855421686,1,0,0,2
1,0.0,0,0,5,140,288,0,instafake,4.948759890378168,5.666426688112432,1.791759469228055,23.333333333333332,2.0425531914893615,0.011655011655011656,0.32634032634032634,0,0,0,1
1,0.1428571428571428,0,1,101,308,423,0,instafake,5.733341276897746,6.049733455231958,4.624972813284271,3.019607843137255,1.3689320388349515,0.13797814207650272,0.4207650273224044,0,0,0,1
1,0.33,0,1,5,348,347,0,ifsg,5.855071922202427,5.8522024797744745,1.791759469228055,58.0,0.994269340974212,0.007183908045977011,0.5,0,0,0,0
1,0.0,0,0,2,126,88,0,instafake,4.844187086458591,4.48863636973214,1.0986122886681098,42.0,0.6929133858267716,0.009302325581395349,0.586046511627907,0,0,0,0
1,0.0,32,0,16,511,563,0,instafake,6.238324625039508,6.335054251498059,2.833213344056216,30.058823529411764,1.099609375,0.014883720930232559,0.4753488372093023,0,0,0,1
1,0.0,10,1,8,218,221,0,instafake,5.389071729816501,5.402677381872279,2.1972245773362196,24.22222222222222,1.0091324200913243,0.01818181818181818,0.4954545454545455,0,0,0,1
1,0.0,1,1,502,511,873,0,instafake,6.238324625039508,6.773080375655535,6.220590170099739,1.0159045725646123,1.705078125,0.3624548736462094,0.3689530685920578,0,0,0,1
0,0.6363636363636364,0,1,0,0,6,1,instafake,0.0,1.9459101490553132,0.0,0.0,6.0,0.0,0.0,1,0,0,2
1,0.0,0,0,1,4,179,1,instafake,1.6094379124341003,5.19295685089021,0.6931471805599453,2.0,35.8,0.005434782608695652,0.021739130434782608,0,0,0,1
0,0.22,0,0,0,31,124,1,ifsg,3.4657359027997265,4.8283137373023015,0.0,31.0,3.875,0.0,0.1987179487179487,1,0,0,2
0,0.33,0,1,0,40,236,1,ifsg,3.713572066704308,5.4680601411351315,0.0,40.0,5.7560975609756095,0.0,0.1444043321299639,1,0,0,2
1,0.0,7,1,4,146,203,0,instafake,4.990432586778736,5.318119993844216,1.6094379124341003,29.2,1.380952380952381,0.011428571428571429,0.41714285714285715,0,0,0,1
0,0.55,0,0,0,49,82,1,ifsg,3.912023005428146,4.418840607796598,0.0,49.0,1.64,0.0,0.3712121212121212,1,0,0,2
1,0.0,6,1,32,409,927,0,instafake,6.016157159698354,6.833031732786201,3.4965075614664802,12.393939393939394,2.2609756097560973,0.02393418100224383,0.3059087509349289,0,0,0,1
1,0.0,49,0,560,205558,53,0,ifsg,12.233488376334652,3.9889840465642745,6.329720905522696,366.41354723707667,0.00025783351738430327,0.0027235764449545746,0.9997373694142365,0,0,1,0
1,0.0,13,1,14,386,363,0,ifsg,5.958424693029782,5.8971538676367405,2.70805020110221,25.733333333333334,0.937984496124031,0.018666666666666668,0.5146666666666667,0,0,0,0
1,0.0,78,1,19,371,357,0,instafake,5.918893854273146,5.8805329864007,2.995732273553991,18.55,0.9596774193548387,0.02606310013717421,0.5089163237311386,0,0,0,0
1,0.0,13,1,8,751,1223,0,ifsg,6.62273632394984,7.1098794630722715,2.1972245773362196,83.44444444444444,1.6263297872340425,0.004050632911392405,0.380253164556962,0,0,0,1
1,0.2222222222222222,24,1,5,544,371,0,instafake,6.300785794663244,5.918893854273146,1.791759469228055,90.66666666666667,0.6807339449541284,0.0054585152838427945,0.5938864628820961,0,0,0,0
1,0.2352941176470588,32,1,1,304,298,0,instafake,5.720311776607412,5.700443573390687,0.6931471805599453,152.0,0.9770491803278688,0.001658374792703151,0.5041459369817579,0,0,0,0
0,0.62,0,0,0,0,18,1,ifsg,0.0,2.9444389791664403,0.0,0.0,18.0,0.0,0.0,1,0,0,2
1,0.0,33,1,223,601,509,0,instafake,6.400257445308821,6.234410725718371,5.4116460518550396,2.6830357142857144,0.845514950166113,0.2007200720072007,0.540954095409541,0,0,0,0
1,0.0,0,1,8,400,449,0,ifsg,5.993961427306569,6.1092475827643655,2.1972245773362196,44.44444444444444,1.119700748129676,0.009411764705882352,0.47058823529411764,0,0,0,1
1,0.0,43,1,9,233,242,0,instafake,5.455321115357702,5.493061443340548,2.302585092994046,23.3,1.0341880341880343,0.018907563025210083,0.4894957983193277,0,0,0,1
1,0.0,27,1,121,613,555,0,instafake,6.419994928147142,6.320768294250582,4.804021044733257,5.024590163934426,0.9039087947882736,0.10350727117194183,0.5243798118049615,0,0,0,0
1,0.0,12,1,12,236,226,0,instafake,5.4680601411351315,5.424950017481403,2.5649493574615367,18.153846153846153,0.9535864978902954,0.02591792656587473,0.509719222462203,0,0,0,0
1,0.4,0,0,25,179,347,0,instafake,5.19295685089021,5.8522024797744745,3.258096538021482,6.884615384615385,1.9277777777777778,0.04743833017077799,0.3396584440227704,0,0,0,1
1,0.0,36,1,39,256,338,0,instafake,5.54907608489522,5.82600010738045,3.6888794541139363,6.4,1.3151750972762646,0.06554621848739496,0.43025210084033616,0,0,0,1
1,0.0,37,1,120,570,455,0,instafake,6.3473892096560105,6.1224928095143865,4.795790545596741,4.710743801652892,0.7968476357267951,0.11695906432748537,0.5555555555555556,0,0,0,0
0,0.0,0,1,0,5,16,1,instafake,1.791759469228055,2.833213344056216,0.0,5.0,2.6666666666666665,0.0,0.22727272727272727,1,0,0,2
1,0.0,41,1,11,673,587,0,instafake,6.513230110912307,6.376726947898627,2.4849066497880004,56.083333333333336,0.870919881305638,0.008723235527359239,0.5337034099920698,0,0,0,0
1,0.0,0,0,5,135,176,0,ifsg,4.912654885736052,5.176149732573829,1.791759469228055,22.5,1.2941176470588236,0.016025641025641024,0.4326923076923077,0,0,0,1
1,0.89,0,0,6,192,942,1,ifsg,5.262690188904886,6.849066282633458,1.9459101490553132,27.428571428571427,4.880829015544041,0.0052863436123348016,0.16916299559471365,0,0,0,1
1,0.0,75,0,3,116,1265,0,instafake,4.762173934797756,7.143617602704121,1.3862943611198906,29.0,10.811965811965813,0.002170767004341534,0.08393632416787265,0,0,0,1
1,0.1666666666666666,15,1,0,125,1396,1,instafake,4.836281906951478,7.242082359256962,0.0,125.0,11.079365079365079,0.0,0.0821287779237845,1,0,0,2
1,0.14,34,0,14,410,387,0,ifsg,6.018593214496234,5.961005339623274,2.70805020110221,27.333333333333332,0.9416058394160584,0.017543859649122806,0.5137844611528822,0,0,0,0
0,0.57,0,0,0,50,49,1,ifsg,3.9318256327243257,3.912023005428146,0.0,50.0,0.9607843137254902,0.0,0.5,1,0,0,1
1,0.2,0,0,85,816,7497,1,instafake,6.705639094860003,8.922391597295857,4.454347296253507,9.488372093023257,9.17625458996328,0.010223719028145298,0.09814770267019485,0,1,0,2
1,0.0,0,1,67,343,388,0,instafake,5.840641657373398,5.963579343618446,4.219507705176107,5.044117647058823,1.127906976744186,0.09153005464480875,0.4685792349726776,0,0,0,1
1,0.25,111,0,3,444,604,0,instafake,6.09807428216624,6.405228458030842,1.3862943611198906,111.0,1.3573033707865167,0.002859866539561487,0.4232602478551001,0,0,0,1
1,0.0,0,0,4,129,920,1,ifsg,4.867534450455582,6.825460036255307,1.6094379124341003,25.8,7.076923076923077,0.0038095238095238095,0.12285714285714286,0,0,0,1
1,0.0,0,1,71,492,724,0,instafake,6.20050917404269,6.586171654854675,4.276666119016055,6.833333333333333,1.4685598377281948,0.05834018077239113,0.40427280197206245,0,0,0,1
1,0.3333333333333333,0,0,1,28,4518,1,instafake,3.367295829986474,8.41604600941128,0.6931471805599453,14.0,155.79310344827587,0.00021992522542335605,0.00615790631185397,0,1,0,2
1,0.2666666666666666,85,1,236,642,776,0,instafake,6.466144724237619,6.655440350367647,5.4680601411351315,2.7088607594936707,1.2068429237947123,0.16631430584918958,0.452431289640592,0,0,0,1
0,0.1,0,1,0,0,0,1,ifsg,0.0,0.0,0.0,0.0,0.0,0.0,0.0,1,0,0,1
1,0.0,138,0,253,1064,573,0,ifsg,6.970730078143525,6.352629396319567,5.537334267018537,4.188976377952756,0.5380281690140845,0.15445665445665446,0.6495726495726496,0,0,1,0
0,0.5,0,0,0,17,44,1,ifsg,2.8903717578961645,3.8066624897703196,0.0,17.0,2.4444444444444446,0.0,0.27419354838709675,1,0,0,2
1,0.0,0,0,4,169,39,0,instafake,5.135798437050262,3.6888794541139363,1.6094379124341003,33.8,0.22941176470588234,0.019138755980861243,0.8086124401913876,0,0,0,0
1,0.0,2,1,37,338,367,0,instafake,5.82600010738045,5.908082938168931,3.6375861597263857,8.894736842105264,1.0825958702064897,0.05240793201133145,0.47875354107648727,0,0,0,1
1,0.0,39,0,63,384,447,0,ifsg,5.953243334287785,6.104793232414985,4.1588830833596715,6.0,1.161038961038961,0.07572115384615384,0.46153846153846156,0,0,0,1
1,0.0,0,1,0,77,92,0,instafake,4.356708826689592,4.532599493153256,0.0,77.0,1.1794871794871795,0.0,0.45294117647058824,1,0,0,2
1,0.0,39,0,6,710,549,0,ifsg,6.566672429803241,6.309918278226516,1.9459101490553132,101.42857142857143,0.7721518987341772,0.004761904761904762,0.5634920634920635,0,0,0,0
1,0.0,1,1,54,302,362,0,instafake,5.713732805509369,5.8944028342648505,4.007333185232471,5.490909090909091,1.1947194719471947,0.081203007518797,0.45413533834586467,0,0,0,1
1,0.0,0,1,491,1170,1355,0,instafake,7.065613363597717,7.212294468500341,6.198478716492308,2.3780487804878048,1.157130657557643,0.1943784639746635,0.46318289786223277,0,0,1,1
1,0.0,0,1,150,500,667,0,instafake,6.2166061010848646,6.504288173536645,5.017279836814924,3.3112582781456954,1.3313373253493015,0.1284246575342466,0.4280821917808219,0,0,0,1
1,0.1,43,0,60,192,141,0,ifsg,5.262690188904886,4.955827057601261,4.110873864173311,3.1475409836065573,0.7305699481865285,0.17964071856287425,0.5748502994011976,0,0,0,0
0,0.5,0,1,5,18,58,1,ifsg,2.9444389791664403,4.07753744390572,1.791759469228055,3.0,3.0526315789473686,0.06493506493506493,0.23376623376623376,0,0,0,1
1,0.0,34,1,4,264,265,0,instafake,5.579729825986222,5.583496308781699,1.6094379124341003,52.8,1.0,0.007547169811320755,0.4981132075471698,0,0,0,0
1,0.2,33,1,10,167,184,0,instafake,5.123963979403259,5.220355825078324,2.3978952727983707,15.181818181818182,1.0952380952380953,0.028409090909090908,0.4744318181818182,0,0,0,1
1,0.0,0,1,46,372,374,0,instafake,5.921578419643816,5.926926025970411,3.8501476017100584,7.914893617021277,1.002680965147453,0.06157965194109773,0.4979919678714859,0,0,0,1
1,0.0,0,1,98,548,480,0,instafake,6.3080984415095305,6.175867270105761,4.59511985013459,5.5353535353535355,0.8743169398907104,0.09523809523809523,0.532555879494655,0,0,0,0
1,0.0,0,1,20,357,593,0,instafake,5.8805329864007,6.386879319362645,3.044522437723423,17.0,1.6564245810055866,0.02103049421661409,0.3753943217665615,0,0,0,1
1,0.57,0,0,4,96,339,1,ifsg,4.574710978503383,5.8289456176102075,1.6094379124341003,19.2,3.4948453608247423,0.009174311926605505,0.22018348623853212,0,0,0,1
1,0.1111111111111111,0,1,76,174,165,0,instafake,5.1647859739235145,5.111987788356544,4.343805421853684,2.25974025974026,0.9428571428571428,0.2235294117647059,0.5117647058823529,0,0,0,0
1,0.0,6,1,27,326,784,0,instafake,5.7899601708972535,6.665683717782408,3.332204510175204,11.642857142857142,2.397553516819572,0.024302430243024302,0.2934293429342934,0,0,0,1
1,0.44,0,0,3,39,68,1,ifsg,3.6888794541139363,4.23410650459726,1.3862943611198906,9.75,1.7,0.027777777777777776,0.3611111111111111,0,0,0,1
1,0.0,0,1,240,404,458,0,instafake,6.003887067106539,6.129050210060545,5.484796933490655,1.6763485477178424,1.1308641975308642,0.27809965237543455,0.4681344148319815,0,0,0,1
1,0.0,0,0,9,218,75,0,ifsg,5.389071729816501,4.330733340286331,2.302585092994046,21.8,0.3424657534246575,0.030612244897959183,0.7414965986394558,0,0,0,0
1,0.0,39,1,374,1872,1806,0,instafake,7.5352967024440884,7.499423290592229,5.926926025970411,4.992,0.9642285104111051,0.1016580592552324,0.508833922261484,0,1,1,1
1,0.0,25,1,48,120,84,0,instafake,4.795790545596741,4.442651256490317,3.8918202981106265,2.4489795918367347,0.6942148760330579,0.23414634146341465,0.5853658536585366,0,0,0,0
1,0.0,43,1,21,5,48,1,ifsg,1.791759469228055,3.8918202981106265,3.091042453358316,0.22727272727272727,8.0,0.3888888888888889,0.09259259259259259,0,0,0,1
1,0.0,41,0,80,894,720,0,instafake,6.796823718274855,6.580639137284949,4.394449154672439,11.037037037037036,0.8044692737430168,0.04953560371517028,0.5535603715170279,0,0,0,0
1,0.0,50,0,1,1266,678,0,instafake,7.144407180321139,6.520621127558696,0.6931471805599453,633.0,0.5351223362273086,0.0005141388174807198,0.6508997429305913,0,0,1,0
1,0.8,13,1,3,76,168,1,ifsg,4.343805421853684,5.1298987149230735,1.3862943611198906,19.0,2.1818181818181817,0.012244897959183673,0.31020408163265306,0,0,0,1
1,0.38,0,1,0,5,121,1,ifsg,1.791759469228055,4.804021044733257,0.0,5.0,20.166666666666668,0.0,0.03937007874015748,1,0,0,2
1,0.0,18,0,62,723,649,0,instafake,6.584791392385716,6.476972362889683,4.143134726391533,11.476190476190476,0.8964088397790055,0.04515659140568099,0.526584122359796,0,0,0,0
1,0.0,139,0,6,145,327,0,instafake,4.983606621708336,5.793013608384144,1.9459101490553132,20.714285714285715,2.23972602739726,0.012684989429175475,0.30655391120507397,0,0,0,1
1,0.4,0,1,3,119,151,1,ifsg,4.787491742782046,5.0238805208462765,1.3862943611198906,29.75,1.2583333333333333,0.01107011070110701,0.43911439114391143,0,0,0,1
1,0.0,0,1,161,620,623,0,instafake,6.431331081933479,6.436150368369428,5.087596335232384,3.8271604938271606,1.003220611916264,0.12942122186495178,0.4983922829581994,0,0,0,1
1,0.0,39,1,102,464,684,0,instafake,6.142037405587356,6.529418838262226,4.634728988229636,4.504854368932039,1.4709677419354839,0.08877284595300261,0.40382941688424717,0,0,0,1
1,0.0,67,0,301,3896490,351,0,ifsg,15.175586962497912,5.863631175598097,5.71042701737487,12902.28476821192,9.008104984715735e-05,7.724203342090851e-05,0.9999096704459662,0,0,1,0
1,0.0,0,0,0,8,1359,1,instafake,2.1972245773362196,7.215239978730097,0.0,8.0,151.0,0.0,0.005847953216374269,1,0,0,2
1,0.0,11,1,13,217,266,0,instafake,5.384495062789089,5.58724865840025,2.6390573296152584,15.5,1.2201834862385321,0.026859504132231406,0.44834710743801653,0,0,0,1
0,0.1538461538461538,10,1,6,36,2004,1,instafake,3.6109179126442243,7.60339933974067,1.9459101490553132,5.142857142857143,54.16216216216216,0.002939735423811857,0.017638412542871143,0,1,0,2
1,0.0,0,0,8,98,937,0,instafake,4.59511985013459,6.843749949006225,2.1972245773362196,10.88888888888889,9.464646464646465,0.007722007722007722,0.0945945945945946,0,0,0,1
1,0.2307692307692307,0,0,0,2,757,1,instafake,1.0986122886681098,6.630683385642372,0.0,2.0,252.33333333333334,0.0,0.002631578947368421,1,0,0,2
0,0.25,0,0,6,156,423,1,ifsg,5.056245805348308,6.049733455231958,1.9459101490553132,22.285714285714285,2.694267515923567,0.010344827586206896,0.2689655172413793,0,0,0,1
1,0.33,0,0,6,59,38,1,ifsg,4.0943445622221,3.6635616461296463,1.9459101490553132,8.428571428571429,0.6333333333333333,0.061224489795918366,0.6020408163265306,0,0,0,0
1,0.0,19,0,1159,2719,1061,0,ifsg,7.908387159290043,6.967909201801884,7.05617528410041,2.3439655172413794,0.3900735294117647,0.3065326633165829,0.7191219254165565,0,0,1,0
0,0.46,0,1,0,332,1333,1,ifsg,5.808142489980444,7.195937226475569,0.0,332.0,4.003003003003003,0.0,0.1992797118847539,1,0,0,2
1,0.0,0,0,7,91,149,0,instafake,4.5217885770490405,5.0106352940962555,2.0794415416798357,11.375,1.6195652173913044,0.029045643153526972,0.3775933609958506,0,0,0,1
0,0.25,0,0,0,7,20,1,ifsg,2.0794415416798357,3.044522437723423,0.0,7.0,2.5,0.0,0.25,1,0,0,2
1,0.0,0,1,262,521,860,0,instafake,6.257667587882639,6.7580945044277305,5.572154032177765,1.9809885931558935,1.6475095785440612,0.18958031837916064,0.37698986975397974,0,0,0,1
1,0.0,20,1,4,133,135,0,instafake,4.897839799950911,4.912654885736052,1.6094379124341003,26.6,1.007462686567164,0.01486988847583643,0.4944237918215613,0,0,0,1
1,0.1818181818181818,70,0,0,32,3921,1,instafake,3.4965075614664802,8.274357006756292,0.0,32.0,118.81818181818181,0.0,0.008093070308548306,1,1,0,3
0,0.1,0,0,0,37,4,1,ifsg,3.6375861597263857,1.6094379124341003,0.0,37.0,0.10526315789473684,0.0,0.8809523809523809,1,0,0,1
1,0.0,2,1,29,804,648,0,instafake,6.690842277418564,6.47543271670409,3.4011973816621555,26.8,0.8049689440993789,0.01995870612525809,0.553337921541638,0,0,0,0
1,0.0,0,1,10,245,395,0,instafake,5.5053315359323625,5.981414211254481,2.3978952727983707,22.272727272727273,1.6056910569105691,0.015600624024960999,0.38221528861154447,0,0,0,1
0,0.0,0,0,0,4,1546,1,instafake,1.6094379124341003,7.344072850573066,0.0,4.0,309.2,0.0,0.0025789813023855577,1,1,0,3
0,0.43,0,0,12,85,477,1,ifsg,4.454347296253507,6.169610732491456,2.5649493574615367,6.538461538461538,5.546511627906977,0.021314387211367674,0.15097690941385436,0,0,0,1
0,0.31,0,0,0,42,175,1,ifsg,3.7612001156935624,5.170483995038151,0.0,42.0,4.069767441860465,0.0,0.1926605504587156,1,0,0,2
1,0.44,0,0,60,238,1381,1,ifsg,5.476463551931511,7.231287004327616,4.110873864173311,3.901639344262295,5.7782426778242675,0.037037037037037035,0.1469135802469136,0,0,0,1
1,0.0,0,1,43,585,576,0,instafake,6.373319789577012,6.3578422665081,3.784189633918261,13.295454545454545,0.9829351535836177,0.03700516351118761,0.5034423407917383,0,0,0,0
1,0.0,0,1,325,554,561,0,instafake,6.318968113746434,6.331501849893691,5.786897381366708,1.6993865030674846,1.0108108108108107,0.29121863799283154,0.496415770609319,0,0,0,1
0,0.1428571428571428,0,0,0,16,266,1,instafake,2.833213344056216,5.58724865840025,0.0,16.0,15.647058823529411,0.0,0.05653710247349823,1,0,0,2
1,0.0,80,1,15,77,107,0,ifsg,4.356708826689592,4.68213122712422,2.772588722239781,4.8125,1.3717948717948718,0.08108108108108109,0.41621621621621624,0,0,0,1
1,0.38,0,0,70,94,105,1,ifsg,4.553876891600541,4.663439094112067,4.2626798770413155,1.323943661971831,1.105263157894737,0.35,0.47,0,0,0,1
1,0.0,50,1,18,428,385,0,instafake,6.061456918928017,5.955837369464831,2.9444389791664403,22.526315789473685,0.8974358974358975,0.022113022113022112,0.5257985257985258,0,0,0,0
1,0.0,14,0,2,39,481,1,instafake,3.6888794541139363,6.1779441140506,1.0986122886681098,13.0,12.025,0.003838771593090211,0.07485604606525911,0,0,0,1
1,0.0,0,0,9,62,47,0,ifsg,4.143134726391533,3.871201010907891,2.302585092994046,6.2,0.746031746031746,0.08181818181818182,0.5636363636363636,0,0,0,0
1,0.0,49,0,37,513,520,0,instafake,6.2422232654551655,6.255750041753367,3.6375861597263857,13.5,1.0116731517509727,0.035783365570599614,0.4961315280464217,0,0,0,1
1,0.91,0,0,0,75,26,1,ifsg,4.330733340286331,3.295836866004329,0.0,75.0,0.34210526315789475,0.0,0.7352941176470589,1,0,0,1
1,0.0,41,1,4,252,265,0,instafake,5.53338948872752,5.583496308781699,1.6094379124341003,50.4,1.0474308300395256,0.007722007722007722,0.4864864864864865,0,0,0,1
1,0.0,133,1,234,550,555,0,instafake,6.311734809152915,6.320768294250582,5.459585514144159,2.3404255319148937,1.0072595281306715,0.2115732368896926,0.4972875226039783,0,0,0,1
0,0.0,0,0,1,3,1,1,ifsg,1.3862943611198906,0.6931471805599453,0.6931471805599453,1.5,0.25,0.2,0.6,0,0,0,0
1,0.0,48,1,42,251,321,0,instafake,5.529429087511423,5.7745515455444085,3.7612001156935624,5.837209302325581,1.2738095238095237,0.07329842931937172,0.43804537521815007,0,0,0,1
1,0.0,12,1,16,456,413,0,ifsg,6.124683390894205,6.025865973825314,2.833213344056216,26.823529411764707,0.9037199124726477,0.01839080459770115,0.5241379310344828,0,0,0,0
1,0.0714285714285714,0,1,49,60,108,0,instafake,4.110873864173311,4.6913478822291435,3.912023005428146,1.2,1.7704918032786885,0.28994082840236685,0.35502958579881655,0,0,0,1
1,0.0,0,0,11,208,571,0,instafake,5.342334251964811,6.349138991379798,2.4849066497880004,17.333333333333332,2.7320574162679425,0.014102564102564103,0.26666666666666666,0,0,0,1
1,0.0,16,1,93,720,643,0,instafake,6.580639137284949,6.467698726104354,4.543294782270004,7.659574468085107,0.8918169209431346,0.06818181818181818,0.5278592375366569,0,0,0,0
1,0.0,56,1,22,402,478,0,instafake,5.998936561946683,6.171700597410915,3.1354942159291497,17.47826086956522,1.186104218362283,0.024971623155505107,0.45629965947786605,0,0,0,1
1,0.0,0,1,28,202,340,0,instafake,5.313205979041787,5.831882477283517,3.367295829986474,6.9655172413793105,1.6748768472906403,0.05156537753222836,0.3720073664825046,0,0,0,1
1,0.0,87,0,79,219,99,0,instafake,5.393627546352362,4.605170185988092,4.382026634673881,2.7375,0.45,0.2476489028213166,0.6865203761755486,0,0,0,0
1,0.0,120,0,95,1456,555,0,ifsg,7.284134806195205,6.320768294250582,4.564348191467836,15.166666666666666,0.3809196980096088,0.04721669980119284,0.7236580516898609,0,0,1,0
1,0.0,76,1,26,257,254,0,instafake,5.552959584921617,5.541263545158426,3.295836866004329,9.518518518518519,0.9844961240310077,0.05078125,0.501953125,0,0,0,0
1,0.0909090909090909,0,0,2,643,2240,1,instafake,6.467698726104354,7.714677473800927,1.0986122886681098,214.33333333333334,3.4782608695652173,0.0006934812760055479,0.22295423023578365,0,1,0,2
1,0.0,10,0,40,354,363,0,instafake,5.872117789475416,5.8971538676367405,3.713572066704308,8.634146341463415,1.0225352112676056,0.055710306406685235,0.49303621169916434,0,0,0,1
0,0.25,0,0,0,49,95,1,ifsg,3.912023005428146,4.564348191467836,0.0,49.0,1.9,0.0,0.33793103448275863,1,0,0,2
1,0.0,33,1,31,510,669,0,instafake,6.236369590203704,6.507277712385012,3.4657359027997265,15.9375,1.3091976516634052,0.026271186440677965,0.4322033898305085,0,0,0,1
1,0.0,0,1,74,245,423,0,instafake,5.5053315359323625,6.049733455231958,4.31748811353631,3.2666666666666666,1.7195121951219512,0.11061285500747384,0.3662182361733931,0,0,0,1
1,0.0,52,1,12,174,26,0,instafake,5.1647859739235145,3.295836866004329,2.5649493574615367,13.384615384615385,0.14857142857142858,0.05970149253731343,0.8656716417910447,0,0,0,0
1,0.0,46,1,138,319,319,0,instafake,5.768320995793772,5.768320995793772,4.9344739331306915,2.2949640287769784,0.996875,0.215962441314554,0.49921752738654146,0,0,0,0
1,0.22,39,0,26,5863,157,0,ifsg,8.676587243566487,5.062595033026967,3.295836866004329,217.14814814814815,0.026773533424283767,0.004318219564856336,0.9737585118751038,0,0,1,0
1,0.1428571428571428,0,1,4,95,90,0,instafake,4.564348191467836,4.51085950651685,1.6094379124341003,19.0,0.9375,0.021505376344086023,0.510752688172043,0,0,0,0
1,0.0,138,1,980,687,1517,0,ifsg,6.5337888379333435,7.325148957955575,6.8885724595653635,0.7003058103975535,2.2049418604651163,0.4444444444444444,0.3115646258503401,0,1,0,2
0,0.42,0,0,0,39,40,1,ifsg,3.6888794541139363,3.713572066704308,0.0,39.0,1.0,0.0,0.4875,1,0,0,1
1,0.0,8,1,204,403,449,0,instafake,6.0014148779611505,6.1092475827643655,5.3230099791384085,1.9658536585365853,1.1113861386138615,0.2391559202813599,0.47245017584994137,0,0,0,1
1,0.0,32,1,59,472,431,0,instafake,6.159095388491933,6.068425588244111,4.0943445622221,7.866666666666666,0.9112050739957717,0.06526548672566372,0.5221238938053098,0,0,0,0
1,0.0,5,1,10,196,209,0,ifsg,5.2832037287379885,5.3471075307174685,2.3978952727983707,17.818181818181817,1.0609137055837563,0.024630541871921183,0.4827586206896552,0,0,0,1
1,0.0,25,1,115,461,440,0,instafake,6.135564891081739,6.089044875446846,4.7535901911063645,3.9741379310344827,0.9523809523809523,0.12749445676274945,0.5110864745011087,0,0,0,0
1,0.0,6,0,13,300,372,0,ifsg,5.707110264748875,5.921578419643816,2.6390573296152584,21.428571428571427,1.2358803986710964,0.019316493313521546,0.4457652303120357,0,0,0,1
1,0.0,4,1,1,53,620,1,instafake,3.9889840465642745,6.431331081933479,0.6931471805599453,26.5,11.481481481481481,0.001483679525222552,0.07863501483679525,0,0,0,1
0,0.0,0,1,2,6,866,1,instafake,1.9459101490553132,6.7650389767805414,1.0986122886681098,2.0,123.71428571428571,0.002290950744558992,0.006872852233676976,0,0,0,1
1,0.0,19,1,17,249,234,0,instafake,5.521460917862246,5.459585514144159,2.8903717578961645,13.833333333333334,0.936,0.03512396694214876,0.5144628099173554,0,0,0,0
1,0.0,50,1,111,177,170,0,ifsg,5.181783550292085,5.14166355650266,4.718498871295094,1.5803571428571428,0.9550561797752809,0.31896551724137934,0.5086206896551724,0,0,0,0
1,0.0,24,0,112,1342,712,0,instafake,7.202661196523238,6.569481420414296,4.727387818712341,11.876106194690266,0.530156366344006,0.054501216545012166,0.6530413625304137,0,0,1,0
1,0.08,26,0,112,206,32,0,ifsg,5.332718793265369,3.4965075614664802,4.727387818712341,1.823008849557522,0.15458937198067632,0.4686192468619247,0.8619246861924686,0,0,0,0
0,0.22,0,0,0,90,333,1,ifsg,4.51085950651685,5.811140992976701,0.0,90.0,3.659340659340659,0.0,0.21226415094339623,1,0,0,2
1,0.0,147,0,1879,4021842,5514,0,ifsg,15.207250813247018,8.615226931687603,7.539027055823995,2139.277659574468,0.0013710132394526588,0.0004665590857726295,0.9986306155625141,0,1,1,1
1,0.0,14,1,8,346,390,0,instafake,5.849324779946859,5.968707559985366,2.1972245773362196,38.44444444444444,1.1239193083573487,0.010854816824966078,0.4694708276797829,0,0,0,1
1,0.0,1,1,27,162,208,0,ifsg,5.093750200806762,5.342334251964811,3.332204510175204,5.785714285714286,1.2760736196319018,0.07277628032345014,0.4366576819407008,0,0,0,1
0,0.2222222222222222,0,1,0,441,2772,1,instafake,6.091309882077698,7.927685045615778,0.0,441.0,6.271493212669683,0.0,0.1372121966397013,1,1,0,3
0,0.0,0,0,1,44,3787,0,instafake,3.8066624897703196,8.239593454305968,0.6931471805599453,22.0,84.15555555555555,0.00026096033402922753,0.011482254697286013,0,1,0,2
0,0.44,0,0,0,8,6,1,ifsg,2.1972245773362196,1.9459101490553132,0.0,8.0,0.6666666666666666,0.0,0.5333333333333333,1,0,0,1
1,0.0,0,0,1,14,2429,1,instafake,2.70805020110221,7.795646536334594,0.6931471805599453,7.0,161.93333333333334,0.0004091653027823241,0.0057283142389525366,0,1,0,2
1,0.5,76,1,6,225,356,0,ifsg,5.420534999272286,5.877735781779639,1.9459101490553132,32.142857142857146,1.575221238938053,0.010309278350515464,0.3865979381443299,0,0,0,1
1,0.0,19,1,30,338,334,0,instafake,5.82600010738045,5.814130531825066,3.4339872044851463,10.903225806451612,0.9852507374631269,0.04457652303120357,0.5022288261515602,0,0,0,0
1,0.0,0,0,11,208,571,0,instafake,5.342334251964811,6.349138991379798,2.4849066497880004,17.333333333333332,2.7320574162679425,0.014102564102564103,0.26666666666666666,0,0,0,1
1,0.1764705882352941,0,1,2,101,109,0,instafake,4.624972813284271,4.700480365792417,1.0986122886681098,33.666666666666664,1.0686274509803921,0.009478672985781991,0.4786729857819905,0,0,0,1
1,0.0,123,0,107,971,2047,0,ifsg,6.879355804460439,7.6246189861593985,4.68213122712422,8.99074074074074,2.1059670781893005,0.03544219940377608,0.3216296787015568,0,1,1,2
1,0.0,0,0,228,360,2288,0,instafake,5.8888779583328805,7.735870319952567,5.43372200355424,1.5720524017467248,6.337950138504155,0.08607021517553794,0.13590033975084936,0,1,0,2
0,0.0,0,1,0,5,82,1,ifsg,1.791759469228055,4.418840607796598,0.0,5.0,13.666666666666666,0.0,0.056818181818181816,1,0,0,2
1,0.0,0,1,3,260,410,0,instafake,5.564520407322694,6.018593214496234,1.3862943611198906,65.0,1.5708812260536398,0.004470938897168405,0.38748137108792846,0,0,0,1
1,0.0,0,1,24,251,257,0,instafake,5.529429087511423,5.552959584921617,3.2188758248682006,10.04,1.0198412698412698,0.047151277013752456,0.4931237721021611,0,0,0,1
0,0.22,43,1,1,0,11,1,ifsg,0.0,2.4849066497880004,0.6931471805599453,0.0,11.0,0.08333333333333333,0.0,0,0,0,1
1,0.0,0,0,4,48,179,1,instafake,3.8918202981106265,5.19295685089021,1.6094379124341003,9.6,3.6530612244897958,0.017543859649122806,0.21052631578947367,0,0,0,1
1,0.89,0,1,124,15,305,1,ifsg,2.772588722239781,5.723585101952381,4.8283137373023015,0.12,19.0625,0.3862928348909657,0.04672897196261682,0,0,0,1
1,0.0,22,0,79,772,669,0,instafake,6.650279048587422,6.507277712385012,4.382026634673881,9.65,0.8654592496765847,0.054785020804438284,0.5353675450762829,0,0,0,0
1,0.1,40,1,10,216,268,0,instafake,5.37989735354046,5.594711379601839,2.3978952727983707,19.636363636363637,1.2350230414746544,0.020618556701030927,0.44536082474226807,0,0,0,1
1,0.0,0,1,95,113,242,0,instafake,4.736198448394496,5.493061443340548,4.564348191467836,1.1770833333333333,2.1228070175438596,0.26685393258426965,0.31741573033707865,0,0,0,1
1,0.0,0,0,6,152,966,0,instafake,5.030437921392435,6.874198495453294,1.9459101490553132,21.714285714285715,6.313725490196078,0.005361930294906166,0.1358355674709562,0,0,0,1
1,0.0,144,1,102,381,1319,0,instafake,5.945420608606575,7.1853870155804165,4.634728988229636,3.6990291262135924,3.4528795811518322,0.059964726631393295,0.2239858906525573,0,0,0,1
1,0.0,19,1,0,273,297,0,instafake,5.6131281063880705,5.697093486505405,0.0,273.0,1.083941605839416,0.0,0.47810858143607704,1,0,0,2
0,0.0,0,1,0,22,28,0,instafake,3.1354942159291497,3.367295829986474,0.0,22.0,1.2173913043478262,0.0,0.43137254901960786,1,0,0,2
0,0.0,0,0,0,37,207,1,instafake,3.6375861597263857,5.337538079701318,0.0,37.0,5.447368421052632,0.0,0.1510204081632653,1,0,0,2
1,0.0,46,1,45,293,438,0,instafake,5.683579767338681,6.0844994130751715,3.828641396489095,6.369565217391305,1.489795918367347,0.06147540983606557,0.40027322404371585,0,0,0,1
1,0.2307692307692307,0,0,1,12,1710,1,instafake,2.5649493574615367,7.444833273892193,0.6931471805599453,6.0,131.53846153846155,0.0005803830528148578,0.006964596633778294,0,1,0,2
1,0.0,25,1,30,441,368,0,instafake,6.091309882077698,5.910796644040527,3.4339872044851463,14.225806451612904,0.832579185520362,0.037037037037037035,0.5444444444444444,0,0,0,0
1,0.0,32,1,31,462,483,0,instafake,6.137727054086234,6.182084906716632,3.4657359027997265,14.4375,1.043196544276458,0.03276955602536998,0.4883720930232558,0,0,0,1
0,0.12,0,1,2,40,179,1,ifsg,3.713572066704308,5.19295685089021,1.0986122886681098,13.333333333333334,4.365853658536586,0.00909090909090909,0.18181818181818182,0,0,0,1
1,0.1428571428571428,26,1,4,16,57,0,instafake,2.833213344056216,4.060443010546419,1.6094379124341003,3.2,3.3529411764705883,0.05405405405405406,0.21621621621621623,0,0,0,1
0,0.2631578947368421,0,0,0,38,1678,1,instafake,3.6635616461296463,7.425953657077541,0.0,38.0,43.02564102564103,0.0,0.0221316249271986,1,1,0,3
1,0.0,0,1,16,334,234,0,instafake,5.814130531825066,5.459585514144159,2.833213344056216,19.647058823529413,0.6985074626865672,0.028119507908611598,0.5869947275922671,0,0,0,0
0,0.44,0,0,0,46,4,1,ifsg,3.8501476017100584,1.6094379124341003,0.0,46.0,0.0851063829787234,0.0,0.9019607843137255,1,0,0,1
1,0.0,0,1,50,513,442,0,instafake,6.2422232654551655,6.093569770045136,3.9318256327243257,10.058823529411764,0.8599221789883269,0.05230125523012552,0.5366108786610879,0,0,0,0
1,0.0,0,0,60,445,449,0,instafake,6.100318952020064,6.1092475827643655,4.110873864173311,7.295081967213115,1.006726457399103,0.0670391061452514,0.4972067039106145,0,0,0,1
1,0.0,39,1,3,13,38,1,ifsg,2.6390573296152584,3.6635616461296463,1.3862943611198906,3.25,2.7142857142857144,0.057692307692307696,0.25,0,0,0,1
1,0.1538461538461538,127,1,107,1669,996,0,instafake,7.4205789054108005,6.904750769961838,4.68213122712422,15.453703703703704,0.5964071856287425,0.04013503375843961,0.6260315078769693,0,0,1,0
1,0.0,72,0,373,732075,363,0,ifsg,13.503639612690604,5.8971538676367405,5.924255797414532,1957.4197860962568,0.0004958501576339068,0.0005092574262156985,0.9995030302864812,0,0,1,0
1,0.0,0,0,28,206,333,0,ifsg,5.332718793265369,5.811140992976701,3.367295829986474,7.103448275862069,1.608695652173913,0.05185185185185185,0.3814814814814815,0,0,0,1
1,0.0,23,1,44,310,357,0,instafake,5.739792912179234,5.8805329864007,3.8066624897703196,6.888888888888889,1.1479099678456592,0.0658682634730539,0.46407185628742514,0,0,0,1
0,0.36,0,1,0,0,29,1,ifsg,0.0,3.4011973816621555,0.0,0.0,29.0,0.0,0.0,1,0,0,2
1,0.2222222222222222,0,0,1,494,3853,1,instafake,6.20455776256869,8.256866848974312,0.6931471805599453,247.0,7.783838383838384,0.00022999080036798528,0.11361545538178473,0,1,0,2
1,0.0,0,0,2,35,136,1,ifsg,3.58351893845611,4.919980925828125,1.0986122886681098,11.666666666666666,3.7777777777777777,0.011627906976744186,0.20348837209302326,0,0,0,1
1,0.0,6,1,12,256,307,0,instafake,5.54907608489522,5.730099782973574,2.5649493574615367,19.692307692307693,1.1945525291828794,0.02127659574468085,0.45390070921985815,0,0,0,1
1,0.0,3,1,56,373,360,0,ifsg,5.924255797414532,5.8888779583328805,4.04305126783455,6.543859649122807,0.9625668449197861,0.07629427792915532,0.5081743869209809,0,0,0,0
1,0.0,4,1,5,383,419,0,instafake,5.950642552587727,6.040254711277414,1.791759469228055,63.833333333333336,1.0911458333333333,0.0062266500622665,0.47696139476961397,0,0,0,1
1,0.0,34,0,6,88,146,0,instafake,4.48863636973214,4.990432586778736,1.9459101490553132,12.571428571428571,1.6404494382022472,0.02553191489361702,0.37446808510638296,0,0,0,1
1,0.0,33,1,62,2055,993,0,ifsg,7.628517626575055,6.901737206656574,4.143134726391533,32.61904761904762,0.48297665369649806,0.020334535913414234,0.6739914726139717,0,0,1,0
1,0.0,34,1,157,1267,899,0,ifsg,7.145196134997171,6.802394763324311,5.062595033026967,8.018987341772151,0.7089905362776026,0.07245039224734656,0.5846792801107522,0,0,1,0
0,0.25,0,1,0,25,136,1,instafake,3.258096538021482,4.919980925828125,0.0,25.0,5.230769230769231,0.0,0.15432098765432098,1,0,0,2
1,0.0,138,0,6,0,25,1,instafake,0.0,3.258096538021482,1.9459101490553132,0.0,25.0,0.23076923076923078,0.0,0,0,0,1
1,0.44,0,0,1,53,137,1,ifsg,3.9889840465642745,4.927253685157205,0.6931471805599453,26.5,2.537037037037037,0.005235602094240838,0.2774869109947644,0,0,0,1
0,0.36,0,0,0,21,44,1,ifsg,3.091042453358316,3.8066624897703196,0.0,21.0,2.0,0.0,0.3181818181818182,1,0,0,2
0,0.2222222222222222,0,1,0,22,2666,1,instafake,3.1354942159291497,7.888709524182015,0.0,22.0,115.91304347826087,0.0,0.008181480104127928,1,1,0,3
0,0.47,0,0,1,16,23,1,ifsg,2.833213344056216,3.1780538303479458,0.6931471805599453,8.0,1.3529411764705883,0.025,0.4,0,0,0,1
1,0.0,0,1,9,197,320,0,instafake,5.288267030694535,5.771441123130016,2.302585092994046,19.7,1.6161616161616161,0.017374517374517374,0.3803088803088803,0,0,0,1
1,0.0,10,1,16,206,201,0,instafake,5.332718793265369,5.308267697401205,2.833213344056216,12.117647058823529,0.9710144927536232,0.0392156862745098,0.5049019607843137,0,0,0,0
1,0.0,41,0,17,338,330,0,instafake,5.82600010738045,5.802118375377063,2.8903717578961645,18.77777777777778,0.9734513274336283,0.025411061285500747,0.5052316890881914,0,0,0,0
0,0.29,0,0,19,77,8,1,ifsg,4.356708826689592,2.1972245773362196,2.995732273553991,3.85,0.10256410256410256,0.22093023255813954,0.8953488372093024,0,0,0,0
1,0.0,15,1,15,348,338,0,instafake,5.855071922202427,5.82600010738045,2.772588722239781,21.75,0.9684813753581661,0.021834061135371178,0.5065502183406113,0,0,0,0
1,0.43,0,0,111,834,4118,1,ifsg,6.727431724850855,8.323365694436081,4.718498871295094,7.446428571428571,4.931736526946108,0.022410660205935795,0.16838279830405814,0,1,0,2
1,0.07,37,1,32,178,81,0,ifsg,5.187385805840755,4.406719247264253,3.4965075614664802,5.393939393939394,0.45251396648044695,0.12307692307692308,0.6846153846153846,0,0,0,0
1,0.0,54,1,61,115,160,0,instafake,4.7535901911063645,5.081404364984463,4.127134385045092,1.8548387096774193,1.3793103448275863,0.2210144927536232,0.4166666666666667,0,0,0,1
1,0.2,0,0,0,147,2387,1,instafake,4.997212273764115,7.778211474512493,0.0,147.0,16.12837837837838,0.0,0.05798816568047337,1,1,0,3
1,0.0,11,1,49,684,592,0,instafake,6.529418838262226,6.385194398997726,3.912023005428146,13.68,0.8642335766423358,0.03837118245888802,0.5356303837118246,0,0,0,0
1,0.0,25,0,92,769,1115,0,instafake,6.646390514847729,7.017506142941256,4.532599493153256,8.268817204301076,1.448051948051948,0.04880636604774536,0.4079575596816976,0,0,0,1
1,0.2222222222222222,22,1,25,297,480,0,instafake,5.697093486505405,6.175867270105761,3.258096538021482,11.423076923076923,1.610738255033557,0.032133676092544985,0.38174807197943444,0,0,0,1
0,0.3,0,0,0,0,3,1,instafake,0.0,1.3862943611198906,0.0,0.0,3.0,0.0,0.0,1,0,0,2
1,0.27,0,0,2,150,487,1,ifsg,5.017279836814924,6.1903154058531475,1.0986122886681098,50.0,3.225165562913907,0.003134796238244514,0.23510971786833856,0,0,0,1
1,0.0,122,1,15,186,174,0,ifsg,5.231108616854587,5.1647859739235145,2.772588722239781,11.625,0.93048128342246,0.04155124653739612,0.5152354570637119,0,0,0,0
1,0.0,0,0,0,196,224,0,instafake,5.2832037287379885,5.41610040220442,0.0,196.0,1.1370558375634519,0.0,0.4655581947743468,1,0,0,2
1,0.0,0,1,2,260,161,0,instafake,5.564520407322694,5.087596335232384,1.0986122886681098,86.66666666666667,0.6168582375478927,0.004739336492890996,0.6161137440758294,0,0,0,0
0,0.57,0,1,5,124,249,1,ifsg,4.8283137373023015,5.521460917862246,1.791759469228055,20.666666666666668,1.992,0.013368983957219251,0.3315508021390374,0,0,0,1
1,0.0,60,1,14,369,430,0,instafake,5.91350300563827,6.066108090103747,2.70805020110221,24.6,1.162162162162162,0.0175,0.46125,0,0,0,1
1,0.0,7,1,588,603,1233,0,instafake,6.403574197934815,7.1180162044653335,6.3784261836515865,1.0237691001697793,2.0413907284768213,0.3200870985302123,0.3282525857376157,0,0,0,1
1,0.0,20,0,78,673,568,0,ifsg,6.513230110912307,6.343880434126331,4.3694478524670215,8.518987341772151,0.8427299703264095,0.06280193236714976,0.5418679549114331,0,0,0,0
1,0.2,0,1,5,266,324,0,ifsg,5.58724865840025,5.783825182329737,1.791759469228055,44.333333333333336,1.2134831460674158,0.008460236886632826,0.4500846023688663,0,0,0,1
0,0.0,0,1,1,107,42,1,ifsg,4.68213122712422,3.7612001156935624,0.6931471805599453,53.5,0.3888888888888889,0.006666666666666667,0.7133333333333334,0,0,0,0
1,0.12,0,1,1,10,104,1,ifsg,2.3978952727983707,4.653960350157523,0.6931471805599453,5.0,9.454545454545455,0.008695652173913044,0.08695652173913043,0,0,0,1
1,0.0,0,0,393,204,126,0,instafake,5.3230099791384085,4.844187086458591,5.976350909297934,0.5177664974619289,0.6146341463414634,1.1873111782477341,0.6163141993957704,0,0,0,0
1,0.0,81,1,25,341,274,0,ifsg,5.834810737062605,5.616771097666572,3.258096538021482,13.115384615384615,0.8011695906432749,0.040584415584415584,0.5535714285714286,0,0,0,0
1,0.0,0,1,25,310,349,0,instafake,5.739792912179234,5.857933154483459,3.258096538021482,11.923076923076923,1.1221864951768488,0.03787878787878788,0.4696969696969697,0,0,0,1
1,0.0,0,0,1,272,918,0,instafake,5.60947179518496,6.823286122355687,0.6931471805599453,136.0,3.3626373626373627,0.0008396305625524769,0.22837951301427373,0,0,0,1
1,0.0,135,1,187,576,680,0,instafake,6.3578422665081,6.523562306149512,5.236441962829949,3.0638297872340425,1.1785095320623917,0.14876690533015116,0.45823389021479716,0,0,0,1
1,0.0,22,1,22,545,494,0,instafake,6.302618975744905,6.20455776256869,3.1354942159291497,23.695652173913043,0.9047619047619048,0.021153846153846155,0.5240384615384616,0,0,0,0
1,0.2,28,0,0,15,64,1,ifsg,2.772588722239781,4.174387269895637,0.0,15.0,4.0,0.0,0.1875,1,0,0,2
1,0.0,59,1,10,289,224,0,instafake,5.66988092298052,5.41610040220442,2.3978952727983707,26.272727272727273,0.7724137931034483,0.019455252918287938,0.5622568093385214,0,0,0,0
0,0.24,0,0,0,35,38,1,ifsg,3.58351893845611,3.6635616461296463,0.0,35.0,1.0555555555555556,0.0,0.47297297297297297,1,0,0,2
1,0.0,0,1,5,158,209,0,instafake,5.0689042022202315,5.3471075307174685,1.791759469228055,26.333333333333332,1.3144654088050314,0.01358695652173913,0.42934782608695654,0,0,0,1
1,0.0,26,1,596,924,832,0,instafake,6.829793737512425,6.725033642166843,6.391917113392602,1.5477386934673367,0.8994594594594595,0.3392145702902675,0.5258964143426295,0,0,0,0
1,0.29,9,1,7,221,244,1,ifsg,5.402677381872279,5.501258210544727,2.0794415416798357,27.625,1.0990990990990992,0.015021459227467811,0.4742489270386266,0,0,0,1
1,0.0,0,1,104,374,445,0,instafake,5.926926025970411,6.100318952020064,4.653960350157523,3.5619047619047617,1.1866666666666668,0.12682926829268293,0.4560975609756098,0,0,0,1
1,0.0,103,1,132,1500,1446,0,instafake,7.313886831633462,7.277247726631484,4.890349128221754,11.278195488721805,0.9633577614923384,0.04479131319986427,0.508992195453003,0,1,1,1
1,0.0,146,1,155,326,654,0,instafake,5.7899601708972535,6.484635235635252,5.049856007249537,2.08974358974359,2.0,0.1580020387359837,0.33231396534148827,0,0,0,1
1,0.0,19,1,108,550,502,0,instafake,6.311734809152915,6.220590170099739,4.6913478822291435,5.045871559633028,0.911070780399274,0.10256410256410256,0.5223171889838556,0,0,0,0
1,0.0,0,1,1,284,505,0,ifsg,5.652489180268651,6.226536669287466,0.6931471805599453,142.0,1.7719298245614035,0.0012658227848101266,0.3594936708860759,0,0,0,1
1,0.0,96,0,142,2441,396,0,ifsg,7.80057265467065,5.983936280687191,4.962844630259907,17.06993006993007,0.16216216216216217,0.05003523608174771,0.8601127554615927,0,0,1,0
1,0.0,102,0,200,314,187,0,instafake,5.752572638825633,5.236441962829949,5.303304908059076,1.5621890547263682,0.5936507936507937,0.398406374501992,0.6254980079681275,0,0,0,0
1,0.0,0,1,28,334,870,0,instafake,5.814130531825066,6.769641976852503,3.367295829986474,11.517241379310345,2.5970149253731343,0.023236514522821577,0.27717842323651454,0,0,0,1
1,0.0,96,1,118,771,1743,0,instafake,6.648984550024776,7.463936604468925,4.77912349311153,6.4789915966386555,2.2577720207253886,0.04691848906560636,0.3065606361829026,0,1,0,2
1,0.0,49,0,172,452,385,0,instafake,6.115892125483034,5.955837369464831,5.153291594497779,2.61271676300578,0.8498896247240618,0.2052505966587112,0.5393794749403341,0,0,0,0
1,0.0,0,1,62,446,496,0,instafake,6.102558594613569,6.208590026096629,4.143134726391533,7.079365079365079,1.109619686800895,0.06574761399787911,0.47295864262990456,0,0,0,1
0,0.1538461538461538,0,0,0,15,3949,1,instafake,2.772588722239781,8.281470857895167,0.0,15.0,246.8125,0.0,0.0037831021437578815,1,1,0,3
1,0.0,0,1,36,300,442,0,instafake,5.707110264748875,6.093569770045136,3.6109179126442243,8.108108108108109,1.4684385382059801,0.04845222072678331,0.4037685060565276,0,0,0,1
1,0.0,68,0,100,802,151,0,ifsg,6.688354713946762,5.0238805208462765,4.61512051684126,7.9405940594059405,0.18804483188044832,0.10482180293501048,0.8406708595387841,0,0,0,0
0,0.1666666666666666,0,0,0,7,2116,1,instafake,2.0794415416798357,7.6577552711348655,0.0,7.0,264.5,0.0,0.003295668549905838,1,1,0,3
1,0.0,74,0,6,199,197,0,instafake,5.298317366548036,5.288267030694535,1.9459101490553132,28.428571428571427,0.985,0.015113350125944584,0.5012594458438288,0,0,0,0
1,0.0,0,0,312,736,662,0,instafake,6.602587892189336,6.4967749901858625,5.746203190540153,2.351437699680511,0.898236092265943,0.22301644031451037,0.5260900643316655,0,0,0,0
1,0.0,140,0,43,2939,595,0,instafake,7.986164860332727,6.39024066706535,3.784189633918261,66.79545454545455,0.20238095238095238,0.012164073550212163,0.8314002828854314,0,0,1,0
0,0.3,0,0,0,401,3796,1,instafake,5.996452088619021,8.241966560231802,0.0,401.0,9.442786069651742,0.0,0.0955216769890424,1,1,0,3
1,0.0,51,1,98,1013,996,0,ifsg,6.921658184151129,6.904750769961838,4.59511985013459,10.232323232323232,0.9822485207100592,0.04875621890547264,0.5039800995024876,0,0,1,0
1,0.0,14,1,25,488,546,0,instafake,6.192362489474872,6.304448802421981,3.258096538021482,18.76923076923077,1.116564417177914,0.024154589371980676,0.4714975845410628,0,0,0,1
1,0.0,29,0,221,1439,629,0,ifsg,7.272398392570047,6.4457198193855785,5.402677381872279,6.481981981981982,0.43680555555555556,0.10681488641855968,0.6955050749154181,0,0,1,0
1,0.1428571428571428,9,1,0,69,1374,1,instafake,4.248495242049359,7.226209010100671,0.0,69.0,19.62857142857143,0.0,0.04778393351800554,1,0,0,2
1,0.0,67,1,45,415,416,0,instafake,6.030685260261263,6.0330862217988015,3.828641396489095,9.021739130434783,1.0,0.054086538461538464,0.4987980769230769,0,0,0,0
1,0.1428571428571428,44,1,14,347,610,0,instafake,5.8522024797744745,6.415096959171596,2.70805020110221,23.133333333333333,1.7528735632183907,0.014613778705636743,0.36221294363256784,0,0,0,1
0,0.89,0,0,1,50,39,1,ifsg,3.9318256327243257,3.6888794541139363,0.6931471805599453,25.0,0.7647058823529411,0.011111111111111112,0.5555555555555556,0,0,0,0
1,0.0,0,1,7,338,435,0,instafake,5.82600010738045,6.077642243349034,2.0794415416798357,42.25,1.2831858407079646,0.00904392764857881,0.43669250645994834,0,0,0,1
1,0.0,14,1,4,101,114,0,instafake,4.624972813284271,4.74493212836325,1.6094379124341003,20.2,1.1176470588235294,0.018518518518518517,0.4675925925925926,0,0,0,1
1,0.0,0,1,0,25,1937,1,instafake,3.258096538021482,7.569411792450712,0.0,25.0,74.5,0.0,0.01273560876209883,1,1,0,3
1,0.0909090909090909,0,1,3,194,278,0,instafake,5.272999558563747,5.631211781821365,1.3862943611198906,48.5,1.4256410256410257,0.006342494714587738,0.41014799154334036,0,0,0,1
0,0.44,0,0,0,55,28,1,ifsg,4.02535169073515,3.367295829986474,0.0,55.0,0.5,0.0,0.6547619047619048,1,0,0,1
1,0.0,2,1,53,195,395,0,ifsg,5.278114659230517,5.981414211254481,3.9889840465642745,3.611111111111111,2.0153061224489797,0.08967851099830795,0.3299492385786802,0,0,0,1
1,0.0,11,1,32,3800,278,0,ifsg,8.24301946898925,5.631211781821365,3.4965075614664802,115.15151515151516,0.07313864772428308,0.007845060063741112,0.9316008825692572,0,0,1,0
1,0.0,0,0,64,505,498,0,instafake,6.226536669287466,6.212606095751519,4.174387269895637,7.769230769230769,0.9841897233201581,0.06374501992031872,0.5029880478087649,0,0,0,0
1,0.0,23,0,5,824,962,0,instafake,6.715383386334681,6.870053411798126,1.791759469228055,137.33333333333334,1.166060606060606,0.0027979854504756574,0.4611080022383884,0,0,0,1
1,0.0,27,1,35,579,504,0,instafake,6.363028103540465,6.22455842927536,3.58351893845611,16.083333333333332,0.8689655172413793,0.03228782287822878,0.5341328413284133,0,0,0,0
1,0.0,28,1,21,594,800,0,instafake,6.38856140554563,6.68586094706836,3.091042453358316,27.0,1.3445378151260505,0.015053763440860216,0.4258064516129032,0,0,0,1
1,0.0,0,1,69,323,405,0,instafake,5.780743515792329,6.0063531596017325,4.248495242049359,4.614285714285714,1.25,0.09465020576131687,0.4430727023319616,0,0,0,1
1,0.0,0,0,7,142,289,0,instafake,4.962844630259907,5.66988092298052,2.0794415416798357,17.75,2.020979020979021,0.016203703703703703,0.3287037037037037,0,0,0,1
0,0.0,0,1,0,9,167,1,ifsg,2.302585092994046,5.123963979403259,0.0,9.0,16.7,0.0,0.05084745762711865,1,0,0,2
0,0.0,0,1,0,1,64,1,ifsg,0.6931471805599453,4.174387269895637,0.0,1.0,32.0,0.0,0.015151515151515152,1,0,0,2
1,0.0,0,1,22,148,426,0,instafake,5.003946305945459,6.056784013228625,3.1354942159291497,6.434782608695652,2.859060402684564,0.03826086956521739,0.2573913043478261,0,0,0,1
0,0.0,0,1,0,0,71,1,ifsg,0.0,4.276666119016055,0.0,0.0,71.0,0.0,0.0,1,0,0,2
1,0.0909090909090909,0,1,20,103,143,0,instafake,4.6443908991413725,4.969813299576001,3.044522437723423,4.904761904761905,1.375,0.08097165991902834,0.41700404858299595,0,0,0,1
0,0.0,0,1,0,0,130,1,ifsg,0.0,4.875197323201151,0.0,0.0,130.0,0.0,0.0,1,0,0,2
1,0.0,0,1,308,361,1066,0,instafake,5.8916442118257715,6.9726062513017535,5.733341276897746,1.168284789644013,2.9447513812154695,0.21568627450980393,0.25280112044817926,0,0,0,1
1,0.0,0,1,209,847,958,0,instafake,6.742880635791903,6.8658910748834385,5.3471075307174685,4.033333333333333,1.1297169811320755,0.11572535991140642,0.4689922480620155,0,0,0,1
1,0.0,0,1,66,561,737,0,instafake,6.331501849893691,6.6039438246004725,4.204692619390966,8.373134328358208,1.311387900355872,0.050808314087759814,0.43187066974595845,0,0,0,1
1,0.3,0,1,0,23,37,1,ifsg,3.1780538303479458,3.6375861597263857,0.0,23.0,1.5416666666666667,0.0,0.3770491803278688,1,0,0,2
1,0.0,0,0,117,152,221,0,instafake,5.030437921392435,5.402677381872279,4.770684624465665,1.2881355932203389,1.4444444444444444,0.31283422459893045,0.40641711229946526,0,0,0,1
1,0.0,34,1,0,16,17,1,ifsg,2.833213344056216,2.8903717578961645,0.0,16.0,1.0,0.0,0.47058823529411764,1,0,0,1
1,0.0,0,1,5,68,87,0,ifsg,4.23410650459726,4.477336814478207,1.791759469228055,11.333333333333334,1.2608695652173914,0.03205128205128205,0.4358974358974359,0,0,0,1
1,0.1428571428571428,0,0,0,4,883,1,instafake,1.6094379124341003,6.784457062637643,0.0,4.0,176.6,0.0,0.0045045045045045045,1,0,0,2
0,0.4444444444444444,0,1,0,3,157,1,instafake,1.3862943611198906,5.062595033026967,0.0,3.0,39.25,0.0,0.018633540372670808,1,0,0,2
1,0.0,4,0,91,369,546,0,ifsg,5.91350300563827,6.304448802421981,4.5217885770490405,4.010869565217392,1.4756756756756757,0.09934497816593886,0.4028384279475983,0,0,0,1
1,0.0,55,0,69,3551,173,0,ifsg,8.17526610411206,5.159055299214529,4.248495242049359,50.72857142857143,0.04870495495495496,0.018523489932885905,0.9532885906040268,0,0,1,0
1,0.0,17,1,25,634,618,0,instafake,6.453624998892692,6.428105272684596,3.258096538021482,24.384615384615383,0.9732283464566929,0.019952114924181964,0.5059856344772546,0,0,0,0
0,0.31,0,0,0,39,64,1,ifsg,3.6888794541139363,4.174387269895637,0.0,39.0,1.6,0.0,0.375,1,0,0,2
1,0.0,0,1,11,150,178,0,ifsg,5.017279836814924,5.187385805840755,2.4849066497880004,12.5,1.1788079470198676,0.03343465045592705,0.45592705167173253,0,0,0,1
1,0.2857142857142857,0,1,0,0,140,1,instafake,0.0,4.948759890378168,0.0,0.0,140.0,0.0,0.0,1,0,0,2
1,0.0,0,1,217,516,764,0,instafake,6.248042874508429,6.639875833826536,5.384495062789089,2.36697247706422,1.4777562862669245,0.16939890710382513,0.4028103044496487,0,0,0,1
1,0.0,0,1,13,415,439,0,instafake,6.030685260261263,6.0867747269123065,2.6390573296152584,29.642857142857142,1.0552884615384615,0.0152046783625731,0.4853801169590643,0,0,0,1
1,0.0,22,1,13,288,276,0,instafake,5.666426688112432,5.6240175061873385,2.6390573296152584,20.571428571428573,0.9550173010380623,0.023008849557522124,0.5097345132743363,0,0,0,0
0,0.3333333333333333,0,0,0,12,1377,1,instafake,2.5649493574615367,7.228388451573604,0.0,12.0,105.92307692307692,0.0,0.008633093525179856,1,0,0,2
1,0.2857142857142857,0,0,96,442,719,0,instafake,6.093569770045136,6.579251212010101,4.574710978503383,4.556701030927835,1.6230248306997743,0.08261617900172118,0.3803786574870912,0,0,0,1
0,0.27,0,0,1,24,2,1,ifsg,3.2188758248682006,1.0986122886681098,0.6931471805599453,12.0,0.08,0.037037037037037035,0.8888888888888888,0,0,0,0
0,0.0,0,0,2,1987,7453,1,ifsg,7.59488438721652,8.916506080039204,1.0986122886681098,662.3333333333334,3.7489939637826963,0.00021184196589344348,0.2104649931151361,0,1,1,2
1,0.0,0,1,1,321,391,0,instafake,5.7745515455444085,5.971261839790462,0.6931471805599453,160.5,1.2142857142857142,0.001402524544179523,0.45021037868162694,0,0,0,1
1,0.0,0,1,82,452,481,0,instafake,6.115892125483034,6.1779441140506,4.418840607796598,5.445783132530121,1.0618101545253864,0.08779443254817987,0.48394004282655245,0,0,0,1
1,0.0,0,1,0,1,127,1,instafake,0.6931471805599453,4.852030263919617,0.0,1.0,63.5,0.0,0.007751937984496124,1,0,0,2
1,0.0,24,1,5,258,286,0,instafake,5.556828061699537,5.659482215759621,1.791759469228055,43.0,1.1042471042471043,0.009174311926605505,0.47339449541284406,0,0,0,1
1,0.18,50,0,6,392,237,0,ifsg,5.973809611869261,5.472270673671475,1.9459101490553132,56.0,0.6030534351145038,0.009523809523809525,0.6222222222222222,0,0,0,0
1,0.14,0,0,9,209,276,0,ifsg,5.3471075307174685,5.6240175061873385,2.302585092994046,20.9,1.3142857142857143,0.018518518518518517,0.43004115226337447,0,0,0,1
1,0.0,0,0,19,362,373,0,instafake,5.8944028342648505,5.924255797414532,2.995732273553991,18.1,1.0275482093663912,0.025815217391304348,0.49184782608695654,0,0,0,1
1,0.43,0,0,0,49,79,1,ifsg,3.912023005428146,4.382026634673881,0.0,49.0,1.58,0.0,0.3798449612403101,1,0,0,2
0,0.0,0,0,0,69,694,1,ifsg,4.248495242049359,6.543911845564792,0.0,69.0,9.914285714285715,0.0,0.09031413612565445,1,0,0,2
0,0.1,0,1,0,17,183,1,instafake,2.8903717578961645,5.214935757608986,0.0,17.0,10.166666666666666,0.0,0.0845771144278607,1,0,0,2
1,0.0,0,1,0,116,187,0,instafake,4.762173934797756,5.236441962829949,0.0,116.0,1.5982905982905984,0.0,0.3815789473684211,1,0,0,2
0,0.0,0,1,0,290,2269,1,instafake,5.673323267171493,7.727535110475448,0.0,290.0,7.797250859106529,0.0,0.11328125,1,1,0,3
1,0.0,110,0,3,34,938,1,instafake,3.5553480614894135,6.844815479208263,1.3862943611198906,8.5,26.8,0.003083247687564234,0.03494347379239465,0,0,0,1
1,0.4444444444444444,0,1,0,14,1725,1,instafake,2.70805020110221,7.453561871643373,0.0,14.0,115.0,0.0,0.008045977011494253,1,1,0,3
1,0.0769230769230769,85,0,3,26,1392,1,instafake,3.295836866004329,7.239214973779806,1.3862943611198906,6.5,51.55555555555556,0.0021141649048625794,0.018322762508809022,0,0,0,1
1,0.0,107,1,49,199,209,0,instafake,5.298317366548036,5.3471075307174685,3.912023005428146,3.98,1.045,0.1198044009779951,0.48655256723716384,0,0,0,1
1,0.25,59,0,28,358,1990,1,ifsg,5.883322388488279,7.596392304064196,3.367295829986474,12.344827586206897,5.543175487465181,0.011919965942954448,0.15240527884206045,0,1,0,2
1,0.0,0,1,43,51,48,0,instafake,3.9512437185814275,3.8918202981106265,3.784189633918261,1.1590909090909092,0.9230769230769231,0.43,0.51,0,0,0,0
1,0.0,93,0,751,380510,0,0,ifsg,12.84927036519584,0.0,6.62273632394984,505.9973404255319,0.0,0.0019736617338263545,0.9999973719550814,0,0,1,0
0,0.33,0,1,0,1,34,1,ifsg,0.6931471805599453,3.5553480614894135,0.0,1.0,17.0,0.0,0.027777777777777776,1,0,0,2
1,0.24,0,1,353,1261,2187,0,ifsg,7.140453043101158,7.690743163541872,5.869296913133774,3.562146892655367,1.7329635499207607,0.10234850681356915,0.36561322122354306,0,1,1,2
0,0.0,0,0,0,9,25,1,ifsg,2.302585092994046,3.258096538021482,0.0,9.0,2.5,0.0,0.2571428571428571,1,0,0,2
1,0.2352941176470588,0,0,3,486,578,0,instafake,6.18826412308259,6.361302477572996,1.3862943611198906,121.5,1.1868583162217659,0.0028169014084507044,0.4563380281690141,0,0,0,1
0,0.0,0,0,0,58,2132,1,instafake,4.07753744390572,7.665284718471351,0.0,58.0,36.13559322033898,0.0,0.02647193062528526,1,1,0,3
1,0.0,35,0,15,1218,351,0,instafake,7.105786129481271,5.863631175598097,2.772588722239781,76.125,0.28794093519278097,0.009554140127388535,0.7757961783439491,0,0,1,0
1,0.33,0,1,12,48,45,1,ifsg,3.8918202981106265,3.828641396489095,2.5649493574615367,3.6923076923076925,0.9183673469387755,0.1276595744680851,0.5106382978723404,0,0,0,0
1,0.0,18,0,0,346,318,0,instafake,5.849324779946859,5.765191102784844,0.0,346.0,0.9164265129682997,0.0,0.5203007518796993,1,0,0,1
1,0.33,0,0,23,47,139,1,ifsg,3.871201010907891,4.941642422609304,3.1780538303479458,1.9583333333333333,2.8958333333333335,0.12299465240641712,0.25133689839572193,0,0,0,1
1,0.0,0,0,17,68,75,0,instafake,4.23410650459726,4.330733340286331,2.8903717578961645,3.7777777777777777,1.0869565217391304,0.11805555555555555,0.4722222222222222,0,0,0,1
0,0.4444444444444444,0,1,0,151,1975,1,instafake,5.0238805208462765,7.588829878307813,0.0,151.0,12.993421052631579,0.0,0.07099200752233192,1,1,0,3
1,0.0,19,1,15,267,319,0,instafake,5.5909869805108565,5.768320995793772,2.772588722239781,16.6875,1.1902985074626866,0.02555366269165247,0.454855195911414,0,0,0,1
1,0.0,0,0,122,539,639,0,ifsg,6.29156913955832,6.461468176353717,4.812184355372417,4.382113821138211,1.1833333333333333,0.10347752332485156,0.457167090754877,0,0,0,1
1,0.0,11,0,4,175,313,0,instafake,5.170483995038151,5.749392985908253,1.6094379124341003,35.0,1.7784090909090908,0.0081799591002045,0.35787321063394684,0,0,0,1
1,0.0,45,1,41,284,361,0,instafake,5.652489180268651,5.8916442118257715,3.7376696182833684,6.761904761904762,1.2666666666666666,0.06346749226006192,0.43962848297213625,0,0,0,1
1,0.0,39,1,11,116,162,0,instafake,4.762173934797756,5.093750200806762,2.4849066497880004,9.666666666666666,1.3846153846153846,0.03942652329749104,0.4157706093189964,0,0,0,1
1,0.0,146,0,83,623,579,0,instafake,6.436150368369428,6.363028103540465,4.430816798843313,7.416666666666667,0.9278846153846154,0.06899418121363259,0.5178719866999169,0,0,0,0
1,0.1428571428571428,0,1,1,5,460,1,instafake,1.791759469228055,6.133398042996649,0.6931471805599453,2.5,76.66666666666667,0.002145922746781116,0.01072961373390558,0,0,0,1
1,0.0,0,1,29,25,39,1,ifsg,3.258096538021482,3.6888794541139363,3.4011973816621555,0.8333333333333334,1.5,0.4461538461538462,0.38461538461538464,0,0,0,1
1,0.0,3,1,5,92,196,0,instafake,4.532599493153256,5.2832037287379885,1.791759469228055,15.333333333333334,2.10752688172043,0.01730103806228374,0.31833910034602075,0,0,0,1
1,0.0,7,1,2,79,80,0,instafake,4.382026634673881,4.394449154672439,1.0986122886681098,26.333333333333332,1.0,0.0125,0.49375,0,0,0,0
1,0.375,19,0,1,29,1857,1,instafake,3.4011973816621555,7.527255919373784,0.6931471805599453,14.5,61.9,0.0005299417064122947,0.015368309485956544,0,1,0,2
1,0.07,0,1,0,12,192,1,ifsg,2.5649493574615367,5.262690188904886,0.0,12.0,14.76923076923077,0.0,0.05853658536585366,1,0,0,2
0,0.0,0,0,0,1,8,1,ifsg,0.6931471805599453,2.1972245773362196,0.0,1.0,4.0,0.0,0.1,1,0,0,2
1,0.0,12,0,61,1135,899,0,ifsg,7.035268599281097,6.802394763324311,4.127134385045092,18.306451612903224,0.7913732394366197,0.029975429975429974,0.5577395577395577,0,0,1,0
1,0.0,23,0,52,1058,614,0,instafake,6.9650803456014065,6.421622267806518,3.970291913552122,19.962264150943398,0.5797922568460812,0.031081888822474597,0.6323968918111178,0,0,1,0
1,0.0,81,1,60,301,444,0,instafake,5.71042701737487,6.09807428216624,4.110873864173311,4.934426229508197,1.4701986754966887,0.08042895442359249,0.403485254691689,0,0,0,1
1,0.0,59,1,80,479,547,0,instafake,6.173786103901937,6.306275286948016,4.394449154672439,5.91358024691358,1.1395833333333334,0.07789678675754626,0.4664070107108082,0,0,0,1
1,0.0,0,0,158,389,806,0,ifsg,5.966146739123692,6.693323668269949,5.0689042022202315,2.4465408805031448,2.066666666666667,0.13210702341137123,0.32525083612040134,0,0,0,1
1,0.0,23,0,85,668,609,0,ifsg,6.505784060128229,6.413458957167357,4.454347296253507,7.767441860465116,0.9103139013452914,0.06651017214397496,0.5226917057902973,0,0,0,0
1,0.38,0,0,2,207,2426,1,ifsg,5.337538079701318,7.794411205726601,1.0986122886681098,69.0,11.663461538461538,0.0007593014426727411,0.0785876993166287,0,1,0,2
1,0.0,0,1,3,188,504,0,instafake,5.241747015059643,6.22455842927536,1.3862943611198906,47.0,2.6666666666666665,0.004329004329004329,0.2712842712842713,0,0,0,1
1,0.0,46,0,469,1083,1066,0,instafake,6.988413181999592,6.9726062513017535,6.152732694704104,2.304255319148936,0.9833948339483395,0.21813953488372093,0.5037209302325582,0,0,1,0
1,0.0,22,1,12,312,323,0,instafake,5.746203190540153,5.780743515792329,2.5649493574615367,24.0,1.0319488817891374,0.018867924528301886,0.49056603773584906,0,0,0,1
1,0.0,149,0,28,1031,208,1,ifsg,6.939253946041508,5.342334251964811,3.367295829986474,35.55172413793103,0.20155038759689922,0.02258064516129032,0.8314516129032258,0,0,1,0
1,0.0,23,1,47,403,470,0,instafake,6.0014148779611505,6.154858094016418,3.871201010907891,8.395833333333334,1.1633663366336633,0.05377574370709382,0.4610983981693364,0,0,0,1
1,0.0,105,0,7,5,46,0,instafake,1.791759469228055,3.8501476017100584,2.0794415416798357,0.625,7.666666666666667,0.1346153846153846,0.09615384615384616,0,0,0,1
1,0.0769230769230769,42,1,32,213,235,0,instafake,5.365976015021851,5.4638318050256105,3.4965075614664802,6.454545454545454,1.0981308411214954,0.07126948775055679,0.47438752783964366,0,0,0,1
0,0.5,0,0,0,83,139,1,ifsg,4.430816798843313,4.941642422609304,0.0,83.0,1.6547619047619047,0.0,0.3721973094170404,1,0,0,2
1,0.0,33,1,59,99,178,0,ifsg,4.605170185988092,5.187385805840755,4.0943445622221,1.65,1.78,0.21223021582733814,0.35611510791366907,0,0,0,1
1,0.2,0,0,1,1,9,1,ifsg,0.6931471805599453,2.302585092994046,0.6931471805599453,0.5,4.5,0.09090909090909091,0.09090909090909091,0,0,0,1
1,0.0,110,1,101,316,317,0,instafake,5.75890177387728,5.762051382780177,4.624972813284271,3.0980392156862746,1.0,0.15930599369085174,0.49842271293375395,0,0,0,0
0,0.38,0,0,0,3,11,1,ifsg,1.3862943611198906,2.4849066497880004,0.0,3.0,2.75,0.0,0.2,1,0,0,2
1,0.0,21,1,31,378,422,0,instafake,5.937536205082426,6.0473721790462776,3.4657359027997265,11.8125,1.1134564643799472,0.03870162297128589,0.47191011235955055,0,0,0,1
1,0.0,41,0,17,338,330,0,instafake,5.82600010738045,5.802118375377063,2.8903717578961645,18.77777777777778,0.9734513274336283,0.025411061285500747,0.5052316890881914,0,0,0,0
1,0.0,3,0,17,391,314,0,instafake,5.971261839790462,5.752572638825633,2.8903717578961645,21.72222222222222,0.8010204081632653,0.024079320113314446,0.5538243626062322,0,0,0,0
0,0.0,0,0,0,18,1741,1,instafake,2.9444389791664403,7.462789157412448,0.0,18.0,91.63157894736842,0.0,0.010227272727272727,1,1,0,3
0,0.0,0,1,0,1338,3364,1,instafake,7.199678345691172,8.121183242078828,0.0,1338.0,2.512322628827483,0.0,0.28449925579417396,1,1,1,3
1,0.0,7,0,65,337,296,0,instafake,5.823045895483019,5.6937321388027,4.189654742026425,5.106060606060606,0.8757396449704142,0.10252365930599369,0.5315457413249212,0,0,0,0
0,0.4,0,0,0,30,48,1,ifsg,3.4339872044851463,3.8918202981106265,0.0,30.0,1.5483870967741935,0.0,0.379746835443038,1,0,0,2
1,0.0909090909090909,40,1,42,527,498,0,instafake,6.269096283706261,6.212606095751519,3.7612001156935624,12.255813953488373,0.9431818181818182,0.04093567251461988,0.51364522417154,0,0,0,0
1,0.0,0,0,74,137,96,0,ifsg,4.927253685157205,4.574710978503383,4.31748811353631,1.8266666666666667,0.6956521739130435,0.3162393162393162,0.5854700854700855,0,0,0,0
1,0.0,105,1,145,781,529,0,ifsg,6.661854740545311,6.272877006546167,4.983606621708336,5.3493150684931505,0.6764705882352942,0.11060259344012205,0.5957284515636918,0,0,0,0
1,0.0,42,0,111,541,701,0,ifsg,6.295266001439646,6.553933404025811,4.718498871295094,4.830357142857143,1.2933579335793357,0.08930008045052293,0.4352373290426388,0,0,0,1
1,0.2,139,1,19,257,291,0,instafake,5.552959584921617,5.676753802268282,2.995732273553991,12.85,1.127906976744186,0.03460837887067395,0.4681238615664845,0,0,0,1
1,0.0,0,1,80,582,658,0,instafake,6.368187186350492,6.490723534502507,4.394449154672439,7.185185185185185,1.1286449399656946,0.064464141821112,0.46897663174858983,0,0,0,1
1,0.17,0,1,89,1167,618,0,ifsg,7.0630481633881725,6.428105272684596,4.499809670330265,12.966666666666667,0.5291095890410958,0.04983202687569989,0.6534154535274356,0,0,1,0
1,0.0,93,0,163,481,452,0,instafake,6.1779441140506,6.115892125483034,5.099866427824199,2.932926829268293,0.9377593360995851,0.1745182012847966,0.5149892933618844,0,0,0,0
1,0.24,0,0,5,497,438,0,ifsg,6.210600077024653,6.0844994130751715,1.791759469228055,82.83333333333333,0.8795180722891566,0.005341880341880342,0.530982905982906,0,0,0,0
1,0.3,0,0,0,22,1330,1,instafake,3.1354942159291497,7.193685818395112,0.0,22.0,57.82608695652174,0.0,0.016260162601626018,1,0,0,2
1,0.0,34,1,88,584,653,0,instafake,6.371611847231857,6.483107351457199,4.48863636973214,6.561797752808989,1.1162393162393163,0.07108239095315025,0.4717285945072698,0,0,0,1
1,0.0,0,0,1,17,1299,1,instafake,2.8903717578961645,7.170119543449628,0.6931471805599453,8.5,72.16666666666667,0.0007593014426727411,0.012908124525436599,0,0,0,1
1,0.0,0,1,76,406,478,0,instafake,6.008813185442595,6.171700597410915,4.343805421853684,5.2727272727272725,1.1744471744471745,0.08587570621468926,0.45875706214689266,0,0,0,1
1,0.0,0,1,76,406,478,0,instafake,6.008813185442595,6.171700597410915,4.343805421853684,5.2727272727272725,1.1744471744471745,0.08587570621468926,0.45875706214689266,0,0,0,1
0,0.2,61,1,5,7,47,1,ifsg,2.0794415416798357,3.871201010907891,1.791759469228055,1.1666666666666667,5.875,0.09090909090909091,0.12727272727272726,0,0,0,1
1,0.0,16,1,9,481,531,0,instafake,6.1779441140506,6.2766434893416445,2.302585092994046,48.1,1.1016597510373445,0.008884501480750246,0.47482724580454094,0,0,0,1
0,0.0,0,1,0,1,282,1,instafake,0.6931471805599453,5.645446897643238,0.0,1.0,141.0,0.0,0.0035211267605633804,1,0,0,2
1,0.0,0,0,263,1017,1201,0,instafake,6.925595197110468,7.091742115095153,5.575949103146316,3.852272727272727,1.1797642436149312,0.11852185669220369,0.4583145561063542,0,0,1,1
1,0.0,64,1,3,35,6,0,ifsg,3.58351893845611,1.9459101490553132,1.3862943611198906,8.75,0.16666666666666666,0.07142857142857142,0.8333333333333334,0,0,0,0
1,0.0,30,1,65,368,459,0,instafake,5.910796644040527,6.131226489483141,4.189654742026425,5.575757575757576,1.2439024390243902,0.0785024154589372,0.4444444444444444,0,0,0,1
1,0.0,9,0,0,153,1195,1,instafake,5.0369526024136295,7.086737934510577,0.0,153.0,7.759740259740259,0.0,0.1134173461823573,1,0,0,2
1,0.0,0,0,4,88,61,1,ifsg,4.48863636973214,4.127134385045092,1.6094379124341003,17.6,0.6853932584269663,0.02666666666666667,0.5866666666666667,0,0,0,0
1,0.0,8,1,16,473,497,0,instafake,6.161207321695077,6.210600077024653,2.833213344056216,27.823529411764707,1.0485232067510548,0.016477857878475798,0.48712667353244077,0,0,0,1
1,0.0666666666666666,130,0,9,816,646,0,instafake,6.705639094860003,6.472346294500901,2.302585092994046,81.6,0.7906976744186046,0.006151742993848257,0.557758031442242,0,0,0,0
1,0.89,0,0,8,341,2287,1,ifsg,5.834810737062605,7.7354333524996886,2.1972245773362196,37.888888888888886,6.687134502923977,0.0030429821224800305,0.1297071129707113,0,1,0,2
0,0.0476190476190476,0,1,3,181,199,0,instafake,5.204006687076795,5.298317366548036,1.3862943611198906,45.25,1.0934065934065933,0.007874015748031496,0.47506561679790027,0,0,0,1
1,0.0,0,1,271,304,450,0,instafake,5.720311776607412,6.111467339502679,5.605802066295998,1.1176470588235294,1.4754098360655739,0.35894039735099337,0.40264900662251657,0,0,0,1
0,0.21,0,0,1,1,2,1,ifsg,0.6931471805599453,1.0986122886681098,0.6931471805599453,0.5,1.0,0.25,0.25,0,0,0,0
1,0.0,45,1,69,719,607,0,instafake,6.579251212010101,6.410174881966167,4.248495242049359,10.271428571428572,0.8430555555555556,0.05199698568198945,0.5418236623963828,0,0,0,0
1,0.0,0,0,3,37,22,0,ifsg,3.6375861597263857,3.1354942159291497,1.3862943611198906,9.25,0.5789473684210527,0.05,0.6166666666666667,0,0,0,0
1,0.0,8,1,10,642,707,0,instafake,6.466144724237619,6.56244409369372,2.3978952727983707,58.36363636363637,1.0995334370139969,0.007407407407407408,0.47555555555555556,0,0,0,1
1,0.0,0,0,1,55,31,0,instafake,4.02535169073515,3.4657359027997265,0.6931471805599453,27.5,0.5535714285714286,0.011494252873563218,0.632183908045977,0,0,0,0
0,0.42,0,0,0,16,36,1,ifsg,2.833213344056216,3.6109179126442243,0.0,16.0,2.1176470588235294,0.0,0.3018867924528302,1,0,0,2
1,0.0,60,0,110,426,486,0,instafake,6.056784013228625,6.18826412308259,4.709530201312334,3.8378378378378377,1.1381733021077283,0.12048192771084337,0.4665936473165389,0,0,0,1
1,0.1666666666666666,0,0,0,59,89,0,instafake,4.0943445622221,4.499809670330265,0.0,59.0,1.4833333333333334,0.0,0.3959731543624161,1,0,0,2
1,0.0,35,1,18,342,286,0,instafake,5.8377304471659395,5.659482215759621,2.9444389791664403,18.0,0.8338192419825073,0.028616852146263912,0.5437201907790143,0,0,0,0
1,0.0,0,1,21,202,201,0,instafake,5.313205979041787,5.308267697401205,3.091042453358316,9.181818181818182,0.9901477832512315,0.05198019801980198,0.5,0,0,0,0
1,0.0,0,1,69,276,352,0,instafake,5.6240175061873385,5.8664680569332965,4.248495242049359,3.942857142857143,1.2707581227436824,0.10969793322734499,0.43879173290937995,0,0,0,1
1,0.0,16,0,5,77,42,0,instafake,4.356708826689592,3.7612001156935624,1.791759469228055,12.833333333333334,0.5384615384615384,0.041666666666666664,0.6416666666666667,0,0,0,0
0,0.44,0,0,4,17,20,1,ifsg,2.8903717578961645,3.044522437723423,1.6094379124341003,3.4,1.1111111111111112,0.10526315789473684,0.4473684210526316,0,0,0,1
1,0.0,0,1,156,521,1282,0,instafake,6.257667587882639,7.1569563646156364,5.056245805348308,3.3184713375796178,2.4559386973180075,0.08647450110864745,0.2888026607538803,0,0,0,1
0,0.44,112,0,4,415,1445,1,ifsg,6.030685260261263,7.27655640271871,1.6094379124341003,83.0,3.4735576923076925,0.0021493820526598604,0.2229983879634605,0,1,0,2
1,0.3333333333333333,0,0,31,384,455,0,instafake,5.953243334287785,6.1224928095143865,3.4657359027997265,12.0,1.1818181818181819,0.036904761904761905,0.45714285714285713,0,0,0,1
1,0.4,0,0,4,150,164,1,ifsg,5.017279836814924,5.10594547390058,1.6094379124341003,30.0,1.086092715231788,0.012698412698412698,0.47619047619047616,0,0,0,1
1,0.0,21,0,40,824,489,0,ifsg,6.715383386334681,6.194405391104672,3.713572066704308,20.097560975609756,0.5927272727272728,0.030441400304414,0.6270928462709284,0,0,0,0
1,0.0,138,0,156,92192,16,0,ifsg,11.431639484753578,2.833213344056216,5.056245805348308,587.2101910828026,0.00017354896792598138,0.0016918088256027068,0.9998156362177227,0,0,1,0
1,0.0,32,1,5,353,733,0,instafake,5.869296913133774,6.598509028614515,1.791759469228055,58.833333333333336,2.0706214689265536,0.004599816007359705,0.3247470101195952,0,0,0,1
1,0.0,0,1,53,229,492,0,ifsg,5.438079308923196,6.20050917404269,3.9889840465642745,4.2407407407407405,2.139130434782609,0.07340720221606649,0.3171745152354571,0,0,0,1
1,0.0,0,1,34,488,569,0,instafake,6.192362489474872,6.345636360828596,3.5553480614894135,13.942857142857143,1.16359918200409,0.03213610586011342,0.4612476370510397,0,0,0,1
1,0.0,0,1,8,153,253,0,instafake,5.0369526024136295,5.537334267018537,2.1972245773362196,17.0,1.6428571428571428,0.019656019656019656,0.3759213759213759,0,0,0,1
1,0.0,18,1,21,562,691,0,instafake,6.333279628139691,6.539585955617669,3.091042453358316,25.545454545454547,1.2273534635879217,0.01674641148325359,0.4481658692185008,0,0,0,1
1,0.14,0,0,10,67,90,1,ifsg,4.219507705176107,4.51085950651685,2.3978952727983707,6.090909090909091,1.3235294117647058,0.06329113924050633,0.4240506329113924,0,0,0,1
1,0.0769230769230769,60,0,5,1,0,1,instafake,0.6931471805599453,0.0,1.791759469228055,0.16666666666666666,0.0,2.5,0.5,0,0,0,0
1,0.0909090909090909,68,0,5,291,84,0,instafake,5.676753802268282,4.442651256490317,1.791759469228055,48.5,0.2876712328767123,0.013297872340425532,0.773936170212766,0,0,0,0
1,0.36,0,0,9,159,433,1,ifsg,5.075173815233827,6.073044534100405,2.302585092994046,15.9,2.70625,0.01517706576728499,0.26812816188870153,0,0,0,1
1,0.0,0,0,59,7007,289,0,ifsg,8.854807632616227,5.66988092298052,4.0943445622221,116.78333333333333,0.04123858447488585,0.008085514595039056,0.9602576401260792,0,0,1,0
1,0.1111111111111111,14,1,0,0,174,1,instafake,0.0,5.1647859739235145,0.0,0.0,174.0,0.0,0.0,1,0,0,2
1,0.0,0,1,33,132,345,0,instafake,4.890349128221754,5.846438775057725,3.5263605246161616,3.8823529411764706,2.593984962406015,0.06903765690376569,0.27615062761506276,0,0,0,1
1,0.3333333333333333,13,1,14,349,427,0,instafake,5.857933154483459,6.059123195581797,2.70805020110221,23.266666666666666,1.22,0.018018018018018018,0.4491634491634492,0,0,0,1
1,0.0,49,0,24,204,263,0,instafake,5.3230099791384085,5.575949103146316,3.2188758248682006,8.16,1.2829268292682927,0.05128205128205128,0.4358974358974359,0,0,0,1
1,0.0,35,1,70,247,289,0,instafake,5.5134287461649825,5.66988092298052,4.2626798770413155,3.4788732394366195,1.1653225806451613,0.1303538175046555,0.45996275605214154,0,0,0,1
0,0.38,0,0,0,60,31,1,ifsg,4.110873864173311,3.4657359027997265,0.0,60.0,0.5081967213114754,0.0,0.6521739130434783,1,0,0,1
0,0.14,0,0,0,1906,2129,1,ifsg,7.553286605600419,7.6638772587034705,0.0,1906.0,1.1164132144729941,0.0,0.4722497522299306,1,1,1,3
1,0.0,0,0,1,15,659,1,instafake,2.772588722239781,6.492239835020471,0.6931471805599453,7.5,41.1875,0.0014814814814814814,0.022222222222222223,0,0,0,1
1,0.1538461538461538,43,0,76,590,801,0,instafake,6.3818160174060985,6.687108607866515,4.343805421853684,7.662337662337662,1.3553299492385786,0.05459770114942529,0.4238505747126437,0,0,0,1
1,0.0,0,1,9,113,148,0,instafake,4.736198448394496,5.003946305945459,2.302585092994046,11.3,1.2982456140350878,0.03435114503816794,0.4312977099236641,0,0,0,1
1,0.0,115,1,54,679,666,0,instafake,6.522092798170152,6.502790045915623,4.007333185232471,12.345454545454546,0.9794117647058823,0.04011887072808321,0.5044576523031203,0,0,0,0
1,0.12,0,0,69,320377,228,0,ifsg,12.677256827649062,5.43372200355424,4.248495242049359,4576.814285714286,0.0007116593523899894,0.0002152174319881724,0.9992857276532566,0,0,1,0
0,0.2727272727272727,0,0,0,47,106,1,instafake,3.871201010907891,4.672828834461906,0.0,47.0,2.2083333333333335,0.0,0.3051948051948052,1,0,0,2
1,0.0,0,0,8,142,224,0,instafake,4.962844630259907,5.41610040220442,2.1972245773362196,15.777777777777779,1.5664335664335665,0.021798365122615803,0.3869209809264305,0,0,0,1
1,0.0,113,0,6,792,3126,0,instafake,6.675823221634848,8.047829357457841,1.9459101490553132,113.14285714285714,3.9419924337957126,0.0015310028068384791,0.20209237050267925,0,1,0,2
1,0.0,0,1,9,183,401,0,instafake,5.214935757608986,5.996452088619021,2.302585092994046,18.3,2.1793478260869565,0.015384615384615385,0.3128205128205128,0,0,0,1
1,0.0,0,0,13,531,480,0,instafake,6.2766434893416445,6.175867270105761,2.6390573296152584,37.92857142857143,0.9022556390977443,0.012845849802371542,0.5247035573122529,0,0,0,0
1,0.0,112,1,22,743,331,0,ifsg,6.612041034833092,5.805134968916488,3.1354942159291497,32.30434782608695,0.44489247311827956,0.020465116279069766,0.6911627906976744,0,0,0,0
1,0.0,0,1,23,284,315,0,instafake,5.652489180268651,5.755742213586912,3.1780538303479458,11.833333333333334,1.105263157894737,0.03833333333333333,0.47333333333333333,0,0,0,1
1,0.1666666666666666,4,1,2,245,208,0,instafake,5.5053315359323625,5.342334251964811,1.0986122886681098,81.66666666666667,0.8455284552845529,0.004405286343612335,0.539647577092511,0,0,0,0
1,0.0,0,1,11,102,264,0,instafake,4.634728988229636,5.579729825986222,2.4849066497880004,8.5,2.563106796116505,0.02997275204359673,0.2779291553133515,0,0,0,1
1,0.0,98,1,1058,402,343,0,instafake,5.998936561946683,5.840641657373398,6.9650803456014065,0.37960339943342775,0.8511166253101737,1.418230563002681,0.5388739946380697,0,0,0,0
1,0.0769230769230769,0,1,48,384,410,0,instafake,5.953243334287785,6.018593214496234,3.8918202981106265,7.836734693877551,1.0649350649350648,0.06037735849056604,0.4830188679245283,0,0,0,1
1,0.92,0,0,11,96,242,1,ifsg,4.574710978503383,5.493061443340548,2.4849066497880004,8.0,2.4948453608247423,0.032448377581120944,0.2831858407079646,0,0,0,1
1,0.0,30,1,87,893,902,0,instafake,6.795705775173514,6.805722553416985,4.477336814478207,10.147727272727273,1.0089485458612975,0.04844097995545657,0.49721603563474387,0,0,0,1
0,0.06,0,0,0,27,63,1,ifsg,3.332204510175204,4.1588830833596715,0.0,27.0,2.25,0.0,0.2967032967032967,1,0,0,2
1,0.0,3,1,118,713,636,0,instafake,6.570882962339584,6.456769655572163,4.77912349311153,5.991596638655462,0.8907563025210085,0.0874074074074074,0.5281481481481481,0,0,0,0
1,0.0,16,1,1,80,1844,1,instafake,4.394449154672439,7.520234556474628,0.6931471805599453,40.0,22.765432098765434,0.0005194805194805195,0.04155844155844156,0,1,0,2
0,0.0,0,0,0,16,2473,1,instafake,2.833213344056216,7.813591552952433,0.0,16.0,145.47058823529412,0.0,0.00642570281124498,1,1,0,3
1,0.0,18,1,15,170,181,0,instafake,5.14166355650266,5.204006687076795,2.772588722239781,10.625,1.0584795321637428,0.04261363636363636,0.48295454545454547,0,0,0,1
0,0.0,0,0,0,16,26,1,ifsg,2.833213344056216,3.295836866004329,0.0,16.0,1.5294117647058822,0.0,0.37209302325581395,1,0,0,2
1,0.0,74,0,3,185,1928,1,instafake,5.225746673713202,7.564757012905729,1.3862943611198906,46.25,10.365591397849462,0.0014191106906338694,0.08751182592242195,0,1,0,2
1,0.0,0,1,130,379,484,0,instafake,5.940171252720432,6.184148890937483,4.875197323201151,2.8931297709923665,1.2736842105263158,0.15046296296296297,0.4386574074074074,0,0,0,1
1,0.0,0,0,199,196,270,0,instafake,5.2832037287379885,5.602118820879701,5.298317366548036,0.98,1.3705583756345177,0.4261241970021413,0.4197002141327623,0,0,0,1
1,0.0,0,1,223,336,598,0,instafake,5.820082930352362,6.395261598115449,5.4116460518550396,1.5,1.774480712166172,0.23850267379679144,0.3593582887700535,0,0,0,1
1,0.0,32,1,48,386,482,0,instafake,5.958424693029782,6.180016653652572,3.8918202981106265,7.877551020408164,1.2454780361757105,0.05523590333716916,0.4441887226697353,0,0,0,1
1,0.1111111111111111,35,0,2,32,2184,1,instafake,3.4965075614664802,7.68937110752969,1.0986122886681098,10.666666666666666,66.18181818181819,0.0009021199819576004,0.014433919711321606,0,1,0,2
1,0.0,108,0,3,247,316,0,instafake,5.5134287461649825,5.75890177387728,1.3862943611198906,61.75,1.2741935483870968,0.005319148936170213,0.4379432624113475,0,0,0,1
1,0.0,9,1,26,404,454,0,instafake,6.003887067106539,6.12029741895095,3.295836866004329,14.962962962962964,1.1209876543209876,0.030267753201396973,0.470314318975553,0,0,0,1
1,0.0,101,0,126,1020,1048,0,instafake,6.928537818164665,6.955592608396297,4.844187086458591,8.031496062992126,1.0264446620959844,0.06089898501691639,0.4929917834702755,0,0,1,1
1,0.0,0,1,74,225,307,0,instafake,5.420534999272286,5.730099782973574,4.31748811353631,3.0,1.3584070796460177,0.13883677298311445,0.42213883677298314,0,0,0,1
1,0.33,50,1,4,818,618,1,ifsg,6.70808408385307,6.428105272684596,1.6094379124341003,163.6,0.7545787545787546,0.0027835768963117608,0.5692414752957551,0,0,0,0
0,0.46,0,0,2,40,19,1,ifsg,3.713572066704308,2.995732273553991,1.0986122886681098,13.333333333333334,0.4634146341463415,0.03333333333333333,0.6666666666666666,0,0,0,0
0,0.0,0,0,0,140,319,1,ifsg,4.948759890378168,5.768320995793772,0.0,140.0,2.2624113475177303,0.0,0.30434782608695654,1,0,0,2
1,0.0,50,1,181,600,719,0,instafake,6.398594934535208,6.579251212010101,5.204006687076795,3.2967032967032965,1.1963394342762064,0.13712121212121212,0.45454545454545453,0,0,0,1
1,0.22,67,0,4,4177,3678,0,ifsg,8.33758794211651,8.210396255104774,1.6094379124341003,835.4,0.8803255146002872,0.0005091649694501018,0.5316955193482689,0,1,1,1
1,0.0,0,0,142,876,529,0,ifsg,6.776506992372183,6.272877006546167,4.962844630259907,6.125874125874126,0.6031927023945268,0.10099573257467995,0.6230440967283073,0,0,0,0
1,0.43,0,0,10,178,1417,1,ifsg,5.187385805840755,7.257002707092073,2.3978952727983707,16.181818181818183,7.916201117318436,0.006265664160401002,0.11152882205513784,0,1,0,2
1,0.0,0,1,114,324,323,0,instafake,5.783825182329737,5.780743515792329,4.74493212836325,2.8173913043478263,0.9938461538461538,0.17592592592592593,0.5,0,0,0,0
1,0.0,0,1,31,213,245,0,instafake,5.365976015021851,5.5053315359323625,3.4657359027997265,6.65625,1.144859813084112,0.06753812636165578,0.46405228758169936,0,0,0,1
1,0.0,17,0,35,198,198,0,instafake,5.293304824724492,5.293304824724492,3.58351893845611,5.5,0.9949748743718593,0.08816120906801007,0.4987405541561713,0,0,0,0
0,0.22,0,1,0,5,56,1,ifsg,1.791759469228055,4.04305126783455,0.0,5.0,9.333333333333334,0.0,0.08064516129032258,1,0,0,2
1,0.29,0,1,7,576,474,1,ifsg,6.3578422665081,6.163314804034641,2.0794415416798357,72.0,0.8214904679376083,0.006660323501427212,0.5480494766888677,0,0,0,0
0,0.89,0,1,0,38,68,1,ifsg,3.6635616461296463,4.23410650459726,0.0,38.0,1.7435897435897436,0.0,0.35514018691588783,1,0,0,2
1,0.0,0,1,0,109,115,0,instafake,4.700480365792417,4.7535901911063645,0.0,109.0,1.0454545454545454,0.0,0.48444444444444446,1,0,0,2
0,0.0,22,1,2,389,392,1,ifsg,5.966146739123692,5.973809611869261,1.0986122886681098,129.66666666666666,1.005128205128205,0.0025575447570332483,0.49744245524296676,0,0,0,1
0,0.0,3,0,4,40,118,0,instafake,3.713572066704308,4.77912349311153,1.6094379124341003,8.0,2.8780487804878048,0.025157232704402517,0.25157232704402516,0,0,0,1
1,0.0,1,1,16,108,125,0,instafake,4.6913478822291435,4.836281906951478,2.833213344056216,6.352941176470588,1.146788990825688,0.06837606837606838,0.46153846153846156,0,0,0,1
1,0.0,11,1,44,238,410,0,instafake,5.476463551931511,6.018593214496234,3.8066624897703196,5.288888888888889,1.715481171548117,0.06779661016949153,0.3667180277349769,0,0,0,1
1,0.0,4,1,137,425,477,0,instafake,6.054439346269371,6.169610732491456,4.927253685157205,3.079710144927536,1.119718309859155,0.15171650055370986,0.4706533776301218,0,0,0,1
1,0.0,0,1,30,56,114,0,ifsg,4.04305126783455,4.74493212836325,3.4339872044851463,1.8064516129032258,2.0,0.17543859649122806,0.32748538011695905,0,0,0,1
0,0.0,0,1,3,311,412,0,instafake,5.7430031878094825,6.023447592961033,1.3862943611198906,77.75,1.3205128205128205,0.004143646408839779,0.42955801104972374,0,0,0,1
1,0.2777777777777778,0,0,25,804,2553,0,instafake,6.690842277418564,7.845416036592485,3.258096538021482,30.923076923076923,3.1714285714285713,0.007444907683144729,0.2394282310899345,0,1,0,2
1,0.0,0,1,71,564,538,0,instafake,6.336825731146441,6.289715570908998,4.276666119016055,7.833333333333333,0.952212389380531,0.0643699002719855,0.5113327289211242,0,0,0,0
1,0.0,0,1,3,251,292,0,instafake,5.529429087511423,5.680172609017068,1.3862943611198906,62.75,1.1587301587301588,0.0055147058823529415,0.46139705882352944,0,0,0,1
1,0.0,1,1,184,552,639,0,instafake,6.315358001522335,6.461468176353717,5.220355825078324,2.983783783783784,1.1555153707052441,0.15436241610738255,0.46308724832214765,0,0,0,1
1,0.0,51,1,9,341,440,0,instafake,5.834810737062605,6.089044875446846,2.302585092994046,34.1,1.286549707602339,0.011508951406649617,0.4360613810741688,0,0,0,1
1,0.45,137,0,664,714,1159,0,ifsg,6.5722825426940075,7.05617528410041,6.499787040655854,1.0736842105263158,1.620979020979021,0.35432230522945574,0.3810032017075774,0,0,0,1
0,0.0,0,0,0,1,8,1,instafake,0.6931471805599453,2.1972245773362196,0.0,1.0,4.0,0.0,0.1,1,0,0,2
0,0.28,0,0,0,86,0,1,ifsg,4.465908118654584,0.0,0.0,86.0,0.0,0.0,0.9885057471264368,1,0,0,1
1,0.0,30,1,44,421,565,0,instafake,6.045005314036012,6.338594078203183,3.8066624897703196,9.355555555555556,1.338862559241706,0.044579533941236066,0.4265450861195542,0,0,0,1
0,0.1666666666666666,0,0,0,46,2521,1,instafake,3.8501476017100584,7.8328075165248645,0.0,46.0,53.638297872340424,0.0,0.01791277258566978,1,1,0,3
1,0.0,73,1,232,1312,935,0,ifsg,7.180069874302796,6.841615476477592,5.4510384535657,5.630901287553648,0.7121096725057121,0.10320284697508897,0.5836298932384342,0,0,1,0
1,0.0,7,1,59,134,365,0,instafake,4.90527477843843,5.902633333401366,4.0943445622221,2.2333333333333334,2.7037037037037037,0.118,0.268,0,0,0,1
1,0.1,4,1,250,2983,545,0,ifsg,8.001019961323651,6.302618975744905,5.5254529391317835,11.884462151394422,0.1826407506702413,0.0708415981864551,0.8452819495607821,0,0,1,0
1,0.0,83,1,120,447,572,0,instafake,6.104793232414985,6.35088571671474,4.795790545596741,3.6942148760330578,1.2767857142857142,0.11764705882352941,0.43823529411764706,0,0,0,1
0,0.38,0,0,0,43,88,1,ifsg,3.784189633918261,4.48863636973214,0.0,43.0,2.0,0.0,0.32575757575757575,1,0,0,2
1,0.0,7,1,37,427,594,0,instafake,6.059123195581797,6.38856140554563,3.6375861597263857,11.236842105263158,1.3878504672897196,0.036203522504892366,0.4178082191780822,0,0,0,1
1,0.0,35,1,175,1507,1198,0,instafake,7.318539548567902,7.089243155027514,5.170483995038151,8.5625,0.7944297082228117,0.0646711012564671,0.556910569105691,0,0,1,0
1,0.0,0,1,79,455,603,0,instafake,6.1224928095143865,6.403574197934815,4.382026634673881,5.6875,1.3223684210526316,0.07459867799811143,0.42965061378659114,0,0,0,1
1,0.0,0,0,4,515,571,0,instafake,6.246106765481563,6.349138991379798,1.6094379124341003,103.0,1.1065891472868217,0.0036798528058877645,0.47378104875804966,0,0,0,1
1,0.0,15,0,22,300,267,0,instafake,5.707110264748875,5.5909869805108565,3.1354942159291497,13.043478260869565,0.8870431893687708,0.03873239436619718,0.528169014084507,0,0,0,0
1,0.0,16,1,438,218,316,0,instafake,5.389071729816501,5.75890177387728,6.0844994130751715,0.49658314350797267,1.4429223744292237,0.8186915887850468,0.4074766355140187,0,0,0,1
1,0.0,0,1,63,350,385,0,instafake,5.860786223465865,5.955837369464831,4.1588830833596715,5.46875,1.0968660968660968,0.08559782608695653,0.47554347826086957,0,0,0,1
1,0.0,0,1,5,129,1796,1,instafake,4.867534450455582,7.493873886783559,1.791759469228055,21.5,13.815384615384616,0.002596053997923157,0.06697819314641744,0,1,0,2
1,0.0,1,1,288,433,543,0,instafake,6.073044534100405,6.298949246855942,5.666426688112432,1.4982698961937717,1.2511520737327189,0.2947799385875128,0.44319344933469806,0,0,0,1
1,0.0,0,0,0,264,4651,1,instafake,5.579729825986222,8.445052513638554,0.0,264.0,17.550943396226415,0.0,0.05370219690805533,1,1,0,3
1,0.0,40,0,65,492,689,0,ifsg,6.20050917404269,6.536691597591305,4.189654742026425,7.454545454545454,1.3975659229208925,0.05499153976311337,0.41624365482233505,0,0,0,1
1,0.0,17,0,0,105,6802,1,instafake,4.663439094112067,8.825118970345061,0.0,105.0,64.16981132075472,0.0,0.01519976838448176,1,1,0,3
1,0.0,26,1,280,650,703,0,ifsg,6.478509642208569,6.556778356158042,5.638354669333745,2.3131672597864767,1.0798771121351767,0.206794682422452,0.48005908419497784,0,0,0,1
1,0.0,0,1,8,181,186,0,instafake,5.204006687076795,5.231108616854587,2.1972245773362196,20.11111111111111,1.021978021978022,0.021739130434782608,0.49184782608695654,0,0,0,1
1,0.48,0,0,16,100,162,1,ifsg,4.61512051684126,5.093750200806762,2.833213344056216,5.882352941176471,1.603960396039604,0.060836501901140684,0.38022813688212925,0,0,0,1
1,0.5,24,1,13,158,309,1,ifsg,5.0689042022202315,5.736572297479192,2.6390573296152584,11.285714285714286,1.9433962264150944,0.027777777777777776,0.33760683760683763,0,0,0,1
1,0.0,59,0,21,634,648,0,instafake,6.453624998892692,6.47543271670409,3.091042453358316,28.818181818181817,1.020472440944882,0.01636788776305534,0.49415432579890883,0,0,0,1
1,0.0,28,1,770,1483,1498,0,instafake,7.302496423727326,7.312553498102598,6.647688373563329,1.9234760051880675,1.009433962264151,0.25821596244131456,0.4973172367538565,0,1,1,2
1,0.0,8,1,4,288,365,0,instafake,5.666426688112432,5.902633333401366,1.6094379124341003,57.6,1.2629757785467128,0.0061162079510703364,0.44036697247706424,0,0,0,1
1,0.0,0,0,38,362,332,0,instafake,5.8944028342648505,5.808142489980444,3.6635616461296463,9.282051282051283,0.9146005509641874,0.05467625899280575,0.520863309352518,0,0,0,0
1,0.0,38,1,19,380,500,0,instafake,5.942799375126701,6.2166061010848646,2.995732273553991,19.0,1.3123359580052494,0.021566401816118047,0.43132803632236094,0,0,0,1
1,0.0,0,1,94,462,682,0,instafake,6.137727054086234,6.52649485957079,4.553876891600541,4.863157894736842,1.4730021598272138,0.08209606986899563,0.4034934497816594,0,0,0,1
1,0.0,19,1,60,376,636,0,instafake,5.932245187448011,6.456769655572163,4.110873864173311,6.163934426229508,1.687002652519894,0.059230009871668314,0.3711747285291214,0,0,0,1
1,0.0,0,1,96,309,323,0,instafake,5.736572297479192,5.780743515792329,4.574710978503383,3.185567010309278,1.0419354838709678,0.15165876777251186,0.4881516587677725,0,0,0,1
1,0.0,105,0,5,316,496,0,instafake,5.75890177387728,6.208590026096629,1.791759469228055,52.666666666666664,1.5646687697160884,0.006150061500615006,0.3886838868388684,0,0,0,1
1,0.4,25,1,10,527,527,0,instafake,6.269096283706261,6.269096283706261,2.3978952727983707,47.90909090909091,0.9981060606060606,0.009478672985781991,0.4995260663507109,0,0,0,0
1,0.0,0,1,1,203,256,0,instafake,5.318119993844216,5.54907608489522,0.6931471805599453,101.5,1.2549019607843137,0.002173913043478261,0.44130434782608696,0,0,0,1
1,0.0,13,1,7,625,977,0,instafake,6.439350371100098,6.885509670034818,2.0794415416798357,78.125,1.560702875399361,0.004366812227074236,0.3898939488459139,0,0,0,1
1,0.0,0,0,2,368,6929,1,instafake,5.910796644040527,8.84361509218395,1.0986122886681098,122.66666666666667,18.77777777777778,0.0002740476842970677,0.050424773910660456,0,1,0,2
1,0.0,4,1,11,234,242,0,instafake,5.459585514144159,5.493061443340548,2.4849066497880004,19.5,1.0297872340425531,0.023060796645702306,0.49056603773584906,0,0,0,1
1,0.0,0,1,7,337,482,0,instafake,5.823045895483019,6.180016653652572,2.0794415416798357,42.125,1.4260355029585798,0.00853658536585366,0.41097560975609754,0,0,0,1
1,0.0,0,0,7,49,326,0,instafake,3.912023005428146,5.7899601708972535,2.0794415416798357,6.125,6.52,0.018617021276595744,0.13031914893617022,0,0,0,1
1,0.18,0,1,0,0,8,1,ifsg,0.0,2.1972245773362196,0.0,0.0,8.0,0.0,0.0,1,0,0,2
1,0.0,54,0,76,1188,365,0,ifsg,7.080867896690782,5.902633333401366,4.343805421853684,15.428571428571429,0.3069806560134567,0.0489060489060489,0.7644787644787645,0,0,1,0
1,0.0,57,1,39,516,555,0,instafake,6.248042874508429,6.320768294250582,3.6888794541139363,12.9,1.0735009671179885,0.036380597014925374,0.48134328358208955,0,0,0,1
1,0.0,0,1,1,22,46,0,instafake,3.1354942159291497,3.8501476017100584,0.6931471805599453,11.0,2.0,0.014492753623188406,0.3188405797101449,0,0,0,1
1,0.3333333333333333,0,1,15,43,30,0,instafake,3.784189633918261,3.4339872044851463,2.772588722239781,2.6875,0.6818181818181818,0.20270270270270271,0.581081081081081,0,0,0,0
1,0.0,0,0,225,848,959,0,instafake,6.744059186311348,6.866933284461882,5.420534999272286,3.752212389380531,1.1295641931684335,0.12444690265486726,0.4690265486725664,0,0,0,1
0,0.0,0,1,1,162,171,1,instafake,5.093750200806762,5.147494476813453,0.6931471805599453,81.0,1.049079754601227,0.0029940119760479044,0.48502994011976047,0,0,0,1
1,0.83,32,0,4,61,76,1,ifsg,4.127134385045092,4.343805421853684,1.6094379124341003,12.2,1.2258064516129032,0.028985507246376812,0.4420289855072464,0,0,0,1
1,0.0,0,0,9,358,336,0,instafake,5.883322388488279,5.820082930352362,2.302585092994046,35.8,0.935933147632312,0.012949640287769784,0.5151079136690647,0,0,0,0
1,0.0,27,1,8,239,416,0,instafake,5.480638923341991,6.0330862217988015,2.1972245773362196,26.555555555555557,1.7333333333333334,0.012195121951219513,0.3643292682926829,0,0,0,1
1,0.0,47,0,198,2207,593,0,instafake,7.699842407396986,6.386879319362645,5.293304824724492,11.090452261306533,0.26856884057971014,0.07068903962870403,0.7879328811138879,0,0,1,0
0,0.55,0,0,0,26,46,1,ifsg,3.295836866004329,3.8501476017100584,0.0,26.0,1.7037037037037037,0.0,0.3561643835616438,1,0,0,2
0,0.33,0,1,0,0,35,1,ifsg,0.0,3.58351893845611,0.0,0.0,35.0,0.0,0.0,1,0,0,2
1,0.0,13,1,59,484,412,0,instafake,6.184148890937483,6.023447592961033,4.0943445622221,8.066666666666666,0.8494845360824742,0.06577480490523968,0.5395763656633222,0,0,0,0
0,0.0,0,1,0,0,853,1,ifsg,0.0,6.74993119378857,0.0,0.0,853.0,0.0,0.0,1,0,0,2
1,0.0,117,0,663,326946,3,0,ifsg,12.697553357232383,1.3862943611198906,6.498282149476434,492.3885542168675,9.175799135639721e-06,0.0020278330019880718,0.9999877657134119,0,0,1,0
1,0.0,44,1,105,266,257,0,instafake,5.58724865840025,5.552959584921617,4.663439094112067,2.509433962264151,0.9625468164794008,0.20038167938931298,0.5076335877862596,0,0,0,0
1,0.0,0,1,26,296,291,0,instafake,5.6937321388027,5.676753802268282,3.295836866004329,10.962962962962964,0.9797979797979798,0.04421768707482993,0.5034013605442177,0,0,0,0
1,0.0,0,1,31,727,729,0,instafake,6.590301048196686,6.593044534142437,3.4657359027997265,22.71875,1.0013736263736264,0.02127659574468085,0.49897048730267674,0,0,0,1
1,0.0,0,1,0,15,41,1,ifsg,2.772588722239781,3.7376696182833684,0.0,15.0,2.5625,0.0,0.2631578947368421,1,0,0,2
0,0.47,0,0,2,45,83,1,ifsg,3.828641396489095,4.430816798843313,1.0986122886681098,15.0,1.8043478260869565,0.015503875968992248,0.3488372093023256,0,0,0,1
1,0.0,55,0,220,622,475,0,ifsg,6.434546518787453,6.16541785423142,5.3981627015177525,2.81447963800905,0.7624398073836276,0.20036429872495445,0.5664845173041895,0,0,0,0
1,0.0,15,0,732,520,604,0,instafake,6.255750041753367,6.405228458030842,6.597145701886651,0.7094133697135061,1.1593090211132437,0.6506666666666666,0.4622222222222222,0,0,0,1
1,0.3,5,1,1,51,420,1,ifsg,3.9512437185814275,6.042632833682381,0.6931471805599453,25.5,8.076923076923077,0.00211864406779661,0.10805084745762712,0,0,0,1
1,0.0,21,0,4,46,22,0,instafake,3.8501476017100584,3.1354942159291497,1.6094379124341003,9.2,0.46808510638297873,0.057971014492753624,0.6666666666666666,0,0,0,0
1,0.0,0,1,72,480,481,0,instafake,6.175867270105761,6.1779441140506,4.290459441148391,6.575342465753424,1.0,0.07484407484407485,0.498960498960499,0,0,0,0
1,0.0,0,1,4,70,160,0,instafake,4.2626798770413155,5.081404364984463,1.6094379124341003,14.0,2.2535211267605635,0.017316017316017316,0.30303030303030304,0,0,0,1
1,0.0,26,1,0,427,509,0,instafake,6.059123195581797,6.234410725718371,0.0,427.0,1.189252336448598,0.0,0.45570971184631803,1,0,0,2
1,0.0,70,0,3,64,190,1,instafake,4.174387269895637,5.25227342804663,1.3862943611198906,16.0,2.923076923076923,0.011764705882352941,0.25098039215686274,0,0,0,1
1,0.5,0,0,0,119,350,1,ifsg,4.787491742782046,5.860786223465865,0.0,119.0,2.9166666666666665,0.0,0.2531914893617021,1,0,0,2
1,0.0,0,0,23,233,280,0,instafake,5.455321115357702,5.638354669333745,3.1780538303479458,9.708333333333334,1.1965811965811965,0.04474708171206226,0.45330739299610895,0,0,0,1
1,0.0,41,1,95,569,539,0,instafake,6.345636360828596,6.29156913955832,4.564348191467836,5.927083333333333,0.9456140350877194,0.08566275924256087,0.5130748422001803,0,0,0,0
1,0.0,43,0,332,1050,820,0,instafake,6.957497370876951,6.710523109452428,5.808142489980444,3.1531531531531534,0.780209324452902,0.17744521646178515,0.5611972207375735,0,0,1,0
1,0.1666666666666666,0,1,0,3,76,1,instafake,1.3862943611198906,4.343805421853684,0.0,3.0,19.0,0.0,0.0375,1,0,0,2
1,0.0,0,1,29,475,528,0,instafake,6.16541785423142,6.270988431858299,3.4011973816621555,15.833333333333334,1.1092436974789917,0.02888446215139442,0.47310756972111556,0,0,0,1
0,0.0,0,0,0,22,4006,1,instafake,3.1354942159291497,8.295798110636145,0.0,22.0,174.17391304347825,0.0,0.005460412012906428,1,1,0,3
1,0.25,0,1,102,39,229,1,ifsg,3.6888794541139363,5.438079308923196,4.634728988229636,0.3786407766990291,5.725,0.379182156133829,0.1449814126394052,0,0,0,1
1,0.4,0,1,0,21,45,1,ifsg,3.091042453358316,3.828641396489095,0.0,21.0,2.0454545454545454,0.0,0.31343283582089554,1,0,0,2
0,0.75,0,0,0,227,353,1,ifsg,5.429345628954441,5.869296913133774,0.0,227.0,1.5482456140350878,0.0,0.39070567986230637,1,0,0,2
0,0.0,0,0,13,181,935,1,ifsg,5.204006687076795,6.841615476477592,2.6390573296152584,12.928571428571429,5.137362637362638,0.011638316920322292,0.162041181736795,0,0,0,1
0,0.12,0,1,0,31,213,1,ifsg,3.4657359027997265,5.365976015021851,0.0,31.0,6.65625,0.0,0.12653061224489795,1,0,0,2
1,0.0,0,1,22,222,185,0,instafake,5.407171771460119,5.225746673713202,3.1354942159291497,9.652173913043478,0.8295964125560538,0.05392156862745098,0.5441176470588235,0,0,0,0
1,0.0,0,1,2,218,255,0,instafake,5.389071729816501,5.545177444479562,1.0986122886681098,72.66666666666667,1.1643835616438356,0.004219409282700422,0.459915611814346,0,0,0,1
1,0.0,0,1,21,193,413,0,ifsg,5.267858159063328,6.025865973825314,3.091042453358316,8.772727272727273,2.1288659793814433,0.03459637561779242,0.31795716639209226,0,0,0,1
1,0.0,0,1,98,367,361,0,instafake,5.908082938168931,5.8916442118257715,4.59511985013459,3.707070707070707,0.9809782608695652,0.13443072702331962,0.5034293552812071,0,0,0,0
1,0.0,0,0,53,225,446,0,instafake,5.420534999272286,6.102558594613569,3.9889840465642745,4.166666666666667,1.9734513274336283,0.07886904761904762,0.33482142857142855,0,0,0,1
1,0.0,27,1,31,195,396,0,instafake,5.278114659230517,5.983936280687191,3.4657359027997265,6.09375,2.020408163265306,0.052364864864864864,0.3293918918918919,0,0,0,1
1,0.0,134,1,74,120,112,0,ifsg,4.795790545596741,4.727387818712341,4.31748811353631,1.6,0.9256198347107438,0.31759656652360513,0.5150214592274678,0,0,0,0
0,0.4444444444444444,0,0,0,13,114,1,instafake,2.6390573296152584,4.74493212836325,0.0,13.0,8.142857142857142,0.0,0.1015625,1,0,0,2
1,0.0,0,1,73,540,543,0,instafake,6.293419278846481,6.298949246855942,4.30406509320417,7.297297297297297,1.0036968576709797,0.06734317343173432,0.4981549815498155,0,0,0,1
0,0.0,0,1,0,0,71,1,ifsg,0.0,4.276666119016055,0.0,0.0,71.0,0.0,0.0,1,0,0,2
1,0.0,0,0,3,1789,6153,1,ifsg,7.489970898834801,8.724857555881988,1.3862943611198906,447.25,3.4374301675977654,0.0003776910487221453,0.2252297620546393,0,1,1,2
1,0.2,0,0,1,6,181,1,instafake,1.9459101490553132,5.204006687076795,0.6931471805599453,3.0,25.857142857142858,0.005319148936170213,0.031914893617021274,0,0,0,1
1,0.0,30,1,65,135,232,0,ifsg,4.912654885736052,5.4510384535657,4.189654742026425,2.0454545454545454,1.7058823529411764,0.1766304347826087,0.36684782608695654,0,0,0,1
1,0.2666666666666666,0,0,0,324,4122,1,instafake,5.783825182329737,8.3243363327069,0.0,324.0,12.683076923076923,0.0,0.07285810658871149,1,1,0,3
0,0.33,0,0,0,85,638,1,ifsg,4.454347296253507,6.459904454377535,0.0,85.0,7.4186046511627906,0.0,0.11740331491712708,1,0,0,2
1,0.0,9,1,4,505,382,0,instafake,6.226536669287466,5.948034989180646,1.6094379124341003,101.0,0.7549407114624506,0.0045045045045045045,0.5686936936936937,0,0,0,0
1,0.0,52,1,58,450,708,0,instafake,6.111467339502679,6.5638555265321274,4.07753744390572,7.627118644067797,1.5698447893569845,0.05004314063848145,0.3882657463330457,0,0,0,1
0,0.0,0,0,0,57,76,1,ifsg,4.060443010546419,4.343805421853684,0.0,57.0,1.3103448275862069,0.0,0.4253731343283582,1,0,0,2
0,0.2857142857142857,0,0,0,10,1768,1,instafake,2.3978952727983707,7.478169694159785,0.0,10.0,160.72727272727272,0.0,0.005621135469364812,1,1,0,3
1,0.0,24,0,580,91446,526,0,ifsg,11.42351484846955,6.267200548541362,6.364750756851911,157.39414802065406,0.005751965619429833,0.0063061985582725365,0.9942700575168799,0,0,1,0
1,0.0,37,1,120,570,455,0,instafake,6.3473892096560105,6.1224928095143865,4.795790545596741,4.710743801652892,0.7968476357267951,0.11695906432748537,0.5555555555555556,0,0,0,0
1,0.4,0,1,13,43,48,0,instafake,3.784189633918261,3.8918202981106265,2.6390573296152584,3.0714285714285716,1.0909090909090908,0.14130434782608695,0.4673913043478261,0,0,0,1
1,0.0,0,0,29,122,336,1,ifsg,4.812184355372417,5.820082930352362,3.4011973816621555,4.066666666666666,2.731707317073171,0.06318082788671024,0.2657952069716776,0,0,0,1
1,0.0,0,1,2,274,309,0,instafake,5.616771097666572,5.736572297479192,1.0986122886681098,91.33333333333333,1.1236363636363635,0.003424657534246575,0.4691780821917808,0,0,0,1
1,0.0,81,0,101,741,1440,0,ifsg,6.60934924316738,7.273092595999522,4.624972813284271,7.264705882352941,1.940700808625337,0.0462878093492209,0.33959670027497707,0,1,0,2
1,0.0,98,1,272,619,793,0,instafake,6.429719478039138,6.677083461247136,5.60947179518496,2.2673992673992673,1.2790322580645161,0.19249823071479122,0.43807501769285206,0,0,0,1
1,0.0,0,1,34,254,907,0,instafake,5.541263545158426,6.811244378601294,3.5553480614894135,7.257142857142857,3.556862745098039,0.029259896729776247,0.21858864027538727,0,0,0,1
0,0.0,0,0,0,49,2987,1,instafake,3.912023005428146,8.002359546252707,0.0,49.0,59.74,0.0,0.016134343101745142,1,1,0,3
1,0.0,25,1,21,278,672,0,instafake,5.631211781821365,6.511745329644728,3.091042453358316,12.636363636363637,2.4086021505376345,0.022082018927444796,0.29232386961093587,0,0,0,1
1,0.1666666666666666,131,1,75,207,201,0,instafake,5.337538079701318,5.308267697401205,4.330733340286331,2.723684210526316,0.9663461538461539,0.18337408312958436,0.5061124694376528,0,0,0,0
1,0.0,132,0,32,3087,526,0,instafake,8.035278911144667,6.267200548541362,3.4965075614664802,93.54545454545455,0.17033678756476683,0.008854454897620365,0.8541781959048146,0,0,1,0
1,0.0,6,0,1,55,776,1,instafake,4.02535169073515,6.655440350367647,0.6931471805599453,27.5,13.857142857142858,0.001201923076923077,0.06610576923076923,0,0,0,1
0,0.0909090909090909,0,0,0,20,3543,1,instafake,3.044522437723423,8.173011311724972,0.0,20.0,168.71428571428572,0.0,0.005611672278338945,1,1,0,3
0,0.44,0,1,0,5,17,1,ifsg,1.791759469228055,2.8903717578961645,0.0,5.0,2.8333333333333335,0.0,0.21739130434782608,1,0,0,2
1,0.0,72,1,273,474,935,0,instafake,6.163314804034641,6.841615476477592,5.6131281063880705,1.72992700729927,1.9684210526315788,0.19361702127659575,0.33617021276595743,0,0,0,1
1,0.0,24,1,465,654,535,0,ifsg,6.484635235635252,6.284134161070802,6.144185634125646,1.4034334763948497,0.816793893129771,0.3907563025210084,0.5495798319327732,0,0,0,0
1,0.38,0,0,3,88,72,1,ifsg,4.48863636973214,4.290459441148391,1.3862943611198906,22.0,0.8089887640449438,0.018633540372670808,0.546583850931677,0,0,0,0
1,0.55,0,1,1,79,767,1,ifsg,4.382026634673881,6.643789733147672,0.6931471805599453,39.5,9.5875,0.0011806375442739079,0.09327036599763873,0,0,0,1
1,0.0,135,1,245,1725,1466,0,instafake,7.453561871643373,7.2909747781429814,5.5053315359323625,7.012195121951219,0.8493626882966396,0.07675438596491228,0.5404135338345865,0,1,1,1
1,0.6153846153846154,0,0,2,33,5133,1,instafake,3.5263605246161616,8.543640361431086,1.0986122886681098,11.0,150.97058823529412,0.0003870718018192375,0.006386684730017418,0,1,0,2
1,0.25,0,1,10,0,23,1,ifsg,0.0,3.1780538303479458,2.3978952727983707,0.0,23.0,0.4166666666666667,0.0,0,0,0,1
1,0.0,40,1,367,489,570,0,instafake,6.194405391104672,6.3473892096560105,5.908082938168931,1.328804347826087,1.163265306122449,0.3462264150943396,0.46132075471698114,0,0,0,1
1,0.0,19,1,22,262,265,0,instafake,5.572154032177765,5.583496308781699,3.1354942159291497,11.391304347826088,1.0076045627376427,0.041666666666666664,0.4962121212121212,0,0,0,1
1,0.5,0,1,0,12,77,1,ifsg,2.5649493574615367,4.356708826689592,0.0,12.0,5.923076923076923,0.0,0.13333333333333333,1,0,0,2
0,0.22,0,1,9,2,215,1,ifsg,1.0986122886681098,5.375278407684165,2.302585092994046,0.2,71.66666666666667,0.04128440366972477,0.009174311926605505,0,0,0,1
1,0.0,0,1,43,522,493,0,instafake,6.259581464064923,6.202535517187923,3.784189633918261,11.863636363636363,0.9426386233269598,0.04232283464566929,0.5137795275590551,0,0,0,0
1,0.0,0,1,140,283,355,0,instafake,5.648974238161206,5.87493073085203,4.948759890378168,2.00709219858156,1.25,0.2190923317683881,0.4428794992175274,0,0,0,1
1,0.0,28,1,58,486,862,0,ifsg,6.18826412308259,6.760414691083428,4.07753744390572,8.23728813559322,1.7700205338809034,0.042994810971089696,0.3602668643439585,0,0,0,1
1,0.0,14,0,46,120,135,0,instafake,4.795790545596741,4.912654885736052,3.8501476017100584,2.5531914893617023,1.115702479338843,0.1796875,0.46875,0,0,0,1
1,0.0,78,1,12,240,492,0,instafake,5.484796933490655,6.20050917404269,2.5649493574615367,18.46153846153846,2.04149377593361,0.01637107776261937,0.3274215552523875,0,0,0,1
1,0.0909090909090909,57,0,3,71,31,1,instafake,4.276666119016055,3.4657359027997265,1.3862943611198906,17.75,0.4305555555555556,0.02912621359223301,0.6893203883495146,0,0,0,0
1,0.0,81,0,50,691,680,0,ifsg,6.539585955617669,6.523562306149512,3.9318256327243257,13.549019607843137,0.9826589595375722,0.03644314868804665,0.5036443148688047,0,0,0,0
1,0.0,40,0,213,12945,813,0,ifsg,9.468542139105455,6.70196036600254,5.365976015021851,60.49065420560748,0.06279932025336012,0.015480776219201978,0.9408387237444582,0,0,1,0
1,0.31,0,0,25,87,698,1,ifsg,4.477336814478207,6.54965074223381,3.258096538021482,3.3461538461538463,7.931818181818182,0.031806615776081425,0.11068702290076336,0,0,0,1
1,0.1875,0,1,373,491,745,0,instafake,6.198478716492308,6.61472560020376,5.924255797414532,1.3128342245989304,1.5142276422764227,0.301535974130962,0.396928051738076,0,0,0,1
1,0.1,0,0,1,21,946,1,instafake,3.091042453358316,6.853299093186078,0.6931471805599453,10.5,43.0,0.0010330578512396695,0.02169421487603306,0,0,0,1
1,0.0,24,1,75,453,528,0,instafake,6.118097198041348,6.270988431858299,4.330733340286331,5.9605263157894735,1.1629955947136563,0.07637474541751528,0.46130346232179226,0,0,0,1
1,0.06,11,1,19,417,395,0,ifsg,6.035481432524756,5.981414211254481,2.995732273553991,20.85,0.9449760765550239,0.023370233702337023,0.5129151291512916,0,0,0,0
1,0.0,0,1,0,237,283,0,instafake,5.472270673671475,5.648974238161206,0.0,237.0,1.1890756302521008,0.0,0.45489443378119004,1,0,0,2
1,0.2,0,1,0,310,330,0,instafake,5.739792912179234,5.802118375377063,0.0,310.0,1.0610932475884245,0.0,0.4836193447737909,1,0,0,2
1,0.0,22,1,16,241,293,0,instafake,5.488937726156687,5.683579767338681,2.833213344056216,14.176470588235293,1.2107438016528926,0.029906542056074768,0.4504672897196262,0,0,0,1
1,0.09,77,0,463,2267,466,0,ifsg,7.7266536648476425,6.1463292576688975,6.139884552226255,4.885775862068965,0.2054673721340388,0.16934893928310168,0.8291880029261156,0,0,1,0
1,0.0,37,1,48,917,591,0,instafake,6.822197390620491,6.3835066348840055,3.8918202981106265,18.714285714285715,0.6437908496732027,0.03180914512922465,0.607687210072896,0,0,0,0
1,0.0,0,0,26,260,349,0,instafake,5.564520407322694,5.857933154483459,3.295836866004329,9.62962962962963,1.3371647509578544,0.04262295081967213,0.4262295081967213,0,0,0,1
1,0.0,0,0,1,193,669,1,ifsg,5.267858159063328,6.507277712385012,0.6931471805599453,96.5,3.448453608247423,0.0011587485515643105,0.22363847045191193,0,0,0,1
0,0.0,0,1,84,449,1151,0,instafake,6.1092475827643655,7.049254841255837,4.442651256490317,5.2823529411764705,2.557777777777778,0.05246720799500312,0.28044971892567144,0,0,0,1
1,0.0,4,1,15,875,878,0,instafake,6.775366090936392,6.778784897685177,2.772588722239781,54.6875,1.0022831050228311,0.00855188141391106,0.49885974914481185,0,0,0,1
1,0.0,0,1,28,252,509,0,instafake,5.53338948872752,6.234410725718371,3.367295829986474,8.689655172413794,2.0118577075098814,0.03674540682414698,0.33070866141732286,0,0,0,1
1,0.0,20,1,75,668,294,0,ifsg,6.505784060128229,5.68697535633982,4.330733340286331,8.789473684210526,0.43946188340807174,0.0778816199376947,0.6936656282450675,0,0,0,0
1,0.3636363636363636,0,0,0,8,2039,1,instafake,2.1972245773362196,7.620705086838262,0.0,8.0,226.55555555555554,0.0,0.00390625,1,1,0,3
1,0.0,0,1,41,531,686,0,instafake,6.2766434893416445,6.532334292222349,3.7376696182833684,12.642857142857142,1.2894736842105263,0.03366174055829228,0.43596059113300495,0,0,0,1
0,0.5,0,1,0,49,111,1,instafake,3.912023005428146,4.718498871295094,0.0,49.0,2.22,0.0,0.30434782608695654,1,0,0,2
1,0.0,20,0,20,106,133,0,ifsg,4.672828834461906,4.897839799950911,3.044522437723423,5.0476190476190474,1.2429906542056075,0.08333333333333333,0.44166666666666665,0,0,0,1
1,0.0,0,1,203,309,827,0,instafake,5.736572297479192,6.71901315438526,5.318119993844216,1.5147058823529411,2.667741935483871,0.1785400175901495,0.2717678100263852,0,0,0,1
1,0.0,30,0,200,7217,761,0,ifsg,8.884333185202735,6.635946555686647,5.303304908059076,35.90547263681592,0.10543086727625381,0.025065797719012406,0.9044993106905628,0,0,1,0
0,0.27,43,1,0,16,51,1,ifsg,2.833213344056216,3.9512437185814275,0.0,16.0,3.0,0.0,0.23529411764705882,1,0,0,2
1,0.0,23,0,262,1476,666,0,ifsg,7.29776828253138,6.502790045915623,5.572154032177765,5.612167300380228,0.45091401489505756,0.12225851609892674,0.6887540830611293,0,0,1,0
1,0.4,0,1,0,301,7493,1,instafake,5.71042701737487,8.921857979353632,0.0,301.0,24.811258278145694,0.0,0.0386144964720975,1,1,0,3
0,0.25,0,0,0,64,60,1,ifsg,4.174387269895637,4.110873864173311,0.0,64.0,0.9230769230769231,0.0,0.512,1,0,0,1
0,0.0,0,0,2,34,219,1,instafake,3.5553480614894135,5.393627546352362,1.0986122886681098,11.333333333333334,6.257142857142857,0.007874015748031496,0.13385826771653545,0,0,0,1
1,0.0,0,1,55,246,267,0,instafake,5.5093883366279774,5.5909869805108565,4.02535169073515,4.392857142857143,1.0809716599190284,0.10700389105058365,0.4785992217898833,0,0,0,1
1,0.3333333333333333,50,1,56,342,343,0,instafake,5.8377304471659395,5.840641657373398,4.04305126783455,6.0,1.0,0.08163265306122448,0.49854227405247814,0,0,0,0
1,0.0,78,0,161,871,841,0,instafake,6.77078942390898,6.7357800142423265,5.087596335232384,5.3765432098765435,0.9644495412844036,0.09398715703444249,0.5084646818447168,0,0,0,0
1,0.0,37,1,9,282,377,0,instafake,5.645446897643238,5.934894195619588,2.302585092994046,28.2,1.332155477031802,0.013636363636363636,0.42727272727272725,0,0,0,1
1,0.3333333333333333,12,0,2,498,148,0,instafake,6.212606095751519,5.003946305945459,1.0986122886681098,166.0,0.2965931863727455,0.0030911901081916537,0.7697063369397218,0,0,0,0
1,0.67,0,0,2,218,792,1,ifsg,5.389071729816501,6.675823221634848,1.0986122886681098,72.66666666666667,3.6164383561643834,0.0019782393669634025,0.21562809099901087,0,0,0,1
1,0.0,19,0,65,751,577,0,ifsg,6.62273632394984,6.359573868672378,4.189654742026425,11.378787878787879,0.7672872340425532,0.04890895410082769,0.5650865312264861,0,0,0,0
0,0.2,0,0,0,22,11,1,ifsg,3.1354942159291497,2.4849066497880004,0.0,22.0,0.4782608695652174,0.0,0.6470588235294118,1,0,0,1
1,0.25,0,0,0,4,3,1,ifsg,1.6094379124341003,1.3862943611198906,0.0,4.0,0.6,0.0,0.5,1,0,0,1
1,0.0,54,0,648,9884,1173,0,ifsg,9.198773735604718,7.068172000388042,6.47543271670409,15.229583975346687,0.11866464339908953,0.05860010851871948,0.8938325194429373,0,0,1,0
1,0.0,0,1,9,89,121,0,ifsg,4.499809670330265,4.804021044733257,2.302585092994046,8.9,1.3444444444444446,0.04265402843601896,0.4218009478672986,0,0,0,1
1,0.0,145,0,9,239,1134,0,instafake,5.480638923341991,7.034387929915503,2.302585092994046,23.9,4.725,0.006550218340611353,0.17394468704512372,0,0,0,1
1,0.0,12,0,99,1031,719,0,instafake,6.939253946041508,6.579251212010101,4.605170185988092,10.31,0.6967054263565892,0.05653912050256996,0.5888063963449457,0,0,1,0
1,0.0,35,0,719,744,967,0,ifsg,6.61338421837956,6.875232087276577,6.579251212010101,1.0333333333333334,1.297986577181208,0.4199766355140187,0.43457943925233644,0,0,0,1
1,0.0,41,1,179,543,1020,0,instafake,6.298949246855942,6.928537818164665,5.19295685089021,3.0166666666666666,1.875,0.11445012787723785,0.34718670076726343,0,0,0,1
1,0.29,0,0,13,114,811,1,ifsg,4.74493212836325,6.699500340161678,2.6390573296152584,8.142857142857142,7.052173913043478,0.014038876889848811,0.12311015118790497,0,0,0,1
1,0.0,31,0,4,250,247,0,instafake,5.5254529391317835,5.5134287461649825,1.6094379124341003,50.0,0.9840637450199203,0.008032128514056224,0.5020080321285141,0,0,0,0
1,0.88,0,0,23,227,776,1,ifsg,5.429345628954441,6.655440350367647,3.1780538303479458,9.458333333333334,3.4035087719298245,0.022908366533864542,0.22609561752988047,0,0,0,1
1,0.0,40,1,169,423,424,0,instafake,6.049733455231958,6.052089168924417,5.135798437050262,2.488235294117647,1.0,0.19929245283018868,0.4988207547169811,0,0,0,0
1,0.0,42,0,2,156,199,0,instafake,5.056245805348308,5.298317366548036,1.0986122886681098,52.0,1.267515923566879,0.0056179775280898875,0.43820224719101125,0,0,0,1
1,0.0,9,1,91,408,635,0,ifsg,6.013715156042802,6.455198563340122,4.5217885770490405,4.434782608695652,1.5525672371638142,0.0871647509578544,0.39080459770114945,0,0,0,1
1,0.33,0,0,25,70,64,1,ifsg,4.2626798770413155,4.174387269895637,3.258096538021482,2.6923076923076925,0.9014084507042254,0.18518518518518517,0.5185185185185185,0,0,0,0
1,0.0,10,0,9,59,48,1,ifsg,4.0943445622221,3.8918202981106265,2.302585092994046,5.9,0.8,0.08333333333333333,0.5462962962962963,0,0,0,0
1,0.0,110,1,188,1136,976,0,instafake,7.036148493750536,6.884486652042782,5.241747015059643,6.01058201058201,0.8583992963940194,0.0889730241362991,0.5376242309512541,0,0,1,0
1,0.2,19,0,4,1489,3715,1,ifsg,7.306531398939505,8.22040309993373,1.6094379124341003,297.8,2.4932885906040267,0.0007684918347742555,0.2860710854947166,0,1,1,2
